layer,feature
0,289
0,344
0,799
0,861
0,981
0,1279
0,1281
0,1442
0,1466
0,1616
0,1734
0,2261
0,2370
0,2373
0,2546
0,2564
0,2686
0,2918
0,3019
0,3020
0,3069
0,3398
0,3489
0,3496
0,3587
0,3805
0,3893
0,3914
0,3922
0,3992
0,4115
0,4167
0,4369
0,4779
0,4809
0,5070
0,5195
0,5210
0,5527
0,5540
0,5549
0,5610
0,5653
0,5913
0,6050
0,6066
0,6152
0,6357
0,6551
0,6596
0,6831
0,6972
0,7745
0,7766
0,8002
0,8072
0,8166
0,8267
0,8309
0,8570
0,8635
0,8714
0,8765
0,8806
0,8952
0,9120
0,9252
0,9332
0,9444
0,9518
0,9743
0,9762
0,9958
0,9968
0,10435
0,10591
0,10714
0,10916
0,10922
0,10998
0,11003
0,11082
0,11153
0,11393
0,11428
0,11503
0,11509
0,11611
0,11690
0,11718
0,11741
0,11815
0,12182
0,12237
0,12281
0,12433
0,12532
0,12692
0,12705
0,12877
0,12954
0,13294
0,13581
0,13644
0,13653
0,13745
0,13800
0,13970
0,14487
0,14570
0,14681
0,14714
0,14718
0,14890
0,14928
0,14975
0,15086
0,15242
0,15330
0,15378
0,15493
0,15628
0,15867
0,16044
0,16310
0,16360
1,167
1,314
1,338
1,383
1,401
1,549
1,677
1,740
1,925
1,1074
1,1160
1,1184
1,1340
1,1639
1,1728
1,1752
1,2365
1,2573
1,2917
1,3295
1,3350
1,3497
1,3891
1,3943
1,4076
1,4331
1,4509
1,4597
1,4814
1,4989
1,5444
1,5851
1,5875
1,5909
1,6093
1,6144
1,6226
1,6292
1,6398
1,6636
1,6666
1,6855
1,6962
1,7201
1,7458
1,7472
1,7603
1,7608
1,7669
1,7991
1,8027
1,8456
1,8770
1,8849
1,8880
1,8967
1,9175
1,9195
1,9509
1,9774
1,9802
1,9924
1,10056
1,10327
1,10331
1,10833
1,10953
1,11158
1,11277
1,11332
1,11425
1,11673
1,11791
1,11936
1,11948
1,12015
1,12126
1,12200
1,12239
1,12335
1,12347
1,12458
1,12506
1,12806
1,12837
1,12874
1,13019
1,13021
1,13053
1,13084
1,13139
1,13216
1,13237
1,13259
1,13434
1,13443
1,13528
1,13624
1,13795
1,13886
1,14037
1,14182
1,14484
1,14696
1,14816
1,14885
1,15066
1,15096
1,15288
1,15488
1,15504
1,15521
1,15564
1,15654
1,15795
1,15936
1,16064
1,16160
1,16366
2,171
2,265
2,270
2,423
2,561
2,627
2,660
2,884
2,979
2,1230
2,1231
2,1333
2,1432
2,1486
2,1497
2,1546
2,1587
2,1854
2,1881
2,1924
2,2032
2,2080
2,2160
2,2349
2,2582
2,2630
2,2642
2,2644
2,2840
2,3252
2,3353
2,3519
2,3572
2,3617
2,3729
2,3743
2,3792
2,3913
2,3922
2,3965
2,4000
2,4025
2,4075
2,4215
2,4277
2,4279
2,4282
2,4305
2,4334
2,4364
2,4445
2,4511
2,4533
2,4553
2,4595
2,5029
2,5105
2,5538
2,5767
2,5889
2,5902
2,6078
2,6174
2,6199
2,6230
2,6372
2,6594
2,6599
2,6647
2,6662
2,6690
2,6821
2,6908
2,6919
2,6927
2,6936
2,6985
2,7087
2,7109
2,7180
2,7262
2,7300
2,7652
2,7823
2,7832
2,7911
2,7973
2,8069
2,8157
2,8177
2,8182
2,8234
2,8295
2,8335
2,8412
2,8641
2,8692
2,8714
2,8883
2,8911
2,9053
2,9067
2,9378
2,9386
2,9390
2,9434
2,9526
2,9574
2,9640
2,9688
2,9742
2,9745
2,9780
2,9785
2,9786
2,9895
2,9916
2,10112
2,10157
2,10321
2,10412
2,10487
2,10528
2,10705
2,11186
2,11201
2,11410
2,11521
2,11681
2,11780
2,11830
2,11845
2,12074
2,12120
2,12172
2,12173
2,12214
2,12245
2,12270
2,12309
2,12341
2,12454
2,12715
2,12741
2,12789
2,12827
2,13328
2,13366
2,13487
2,13594
2,13625
2,13706
2,13837
2,14120
2,14391
2,14449
2,14547
2,14627
2,14638
2,14745
2,14793
2,14914
2,14985
2,15063
2,15155
2,15263
2,15393
2,15411
2,15492
2,15575
2,15634
2,15678
2,15856
2,15859
2,15881
2,15933
2,15957
2,16054
2,16140
2,16147
2,16168
2,16345
3,57
3,213
3,282
3,300
3,350
3,537
3,538
3,610
3,662
3,755
3,841
3,905
3,1008
3,1025
3,1036
3,1082
3,1416
3,1479
3,1541
3,1599
3,1702
3,1984
3,1996
3,2031
3,2067
3,2170
3,2315
3,2486
3,2511
3,2618
3,2647
3,2683
3,2829
3,2895
3,3108
3,3218
3,3235
3,3322
3,3339
3,3388
3,3564
3,3592
3,3600
3,3693
3,3715
3,3730
3,3752
3,3796
3,3874
3,4015
3,4106
3,4305
3,4331
3,4533
3,4589
3,4810
3,4881
3,4963
3,4978
3,5013
3,5022
3,5106
3,5218
3,5262
3,5282
3,5557
3,5560
3,5610
3,5647
3,5750
3,5751
3,5757
3,6127
3,6272
3,6535
3,6567
3,7089
3,7116
3,7326
3,7418
3,7447
3,7591
3,7640
3,7767
3,7851
3,8080
3,8097
3,8193
3,8475
3,8487
3,8519
3,8748
3,8774
3,8829
3,8845
3,8914
3,9127
3,9286
3,9326
3,9572
3,9659
3,9660
3,9774
3,9822
3,9967
3,9969
3,10124
3,10358
3,10458
3,10608
3,10734
3,10760
3,10850
3,10953
3,11052
3,11054
3,11121
3,11163
3,11193
3,11226
3,11232
3,11233
3,11367
3,11398
3,11759
3,11820
3,11826
3,12046
3,12120
3,12132
3,12133
3,12214
3,12319
3,12345
3,12406
3,12453
3,12539
3,12567
3,12647
3,12918
3,12935
3,12966
3,12984
3,12986
3,13173
3,13241
3,13251
3,13286
3,13347
3,13372
3,13501
3,13535
3,13615
3,13691
3,13829
3,13843
3,13915
3,13958
3,13993
3,14039
3,14042
3,14179
3,14227
3,14355
3,14502
3,14547
3,14585
3,14628
3,14728
3,14751
3,15023
3,15035
3,15102
3,15112
3,15113
3,15157
3,15210
3,15302
3,15355
3,15389
3,15434
3,15523
3,15615
3,15740
3,15799
3,15822
3,15858
3,15872
3,16074
3,16160
3,16228
3,16238
3,16374
4,173
4,375
4,385
4,530
4,549
4,598
4,759
4,791
4,904
4,972
4,979
4,1002
4,1024
4,1188
4,1223
4,1383
4,1498
4,1502
4,1504
4,1597
4,1647
4,1787
4,1929
4,2034
4,2044
4,2046
4,2329
4,2421
4,2489
4,2533
4,2616
4,2673
4,2728
4,2769
4,2773
4,2888
4,3023
4,3196
4,3226
4,3361
4,3554
4,3776
4,3970
4,4325
4,4376
4,4485
4,4593
4,4743
4,4762
4,4798
4,4847
4,4911
4,4943
4,4971
4,4977
4,5031
4,5133
4,5182
4,5546
4,5599
4,5617
4,5651
4,5689
4,5718
4,5857
4,5939
4,5988
4,6020
4,6026
4,6037
4,6105
4,6321
4,6388
4,6535
4,6536
4,6567
4,6589
4,6723
4,6741
4,6892
4,6961
4,7035
4,7142
4,7165
4,7191
4,7240
4,7455
4,7498
4,7554
4,7643
4,7764
4,7940
4,7956
4,7960
4,8085
4,8097
4,8143
4,8159
4,8185
4,8302
4,8307
4,8383
4,8459
4,8497
4,8515
4,9037
4,9189
4,9196
4,9222
4,9283
4,9400
4,9548
4,9563
4,9646
4,9672
4,9720
4,9767
4,9807
4,10244
4,10445
4,10593
4,10634
4,10833
4,10962
4,11068
4,11078
4,11106
4,11113
4,11242
4,11253
4,11280
4,11290
4,11353
4,11394
4,11446
4,11471
4,11545
4,11591
4,12196
4,12258
4,12259
4,12355
4,12374
4,12391
4,12514
4,12524
4,12578
4,12589
4,12718
4,12767
4,12773
4,12809
4,12897
4,13106
4,13173
4,13228
4,13312
4,13350
4,13397
4,13430
4,13638
4,13706
4,13888
4,14128
4,14246
4,14300
4,14364
4,14408
4,14422
4,14491
4,14598
4,14652
4,14744
4,15036
4,15088
4,15094
4,15129
4,15284
4,15679
4,15711
4,15725
4,15740
4,15821
4,15874
4,16012
4,16089
4,16337
5,95
5,102
5,300
5,574
5,704
5,822
5,829
5,849
5,879
5,1105
5,1127
5,1144
5,1305
5,1544
5,1624
5,1717
5,1773
5,1890
5,2017
5,2040
5,2182
5,2293
5,2326
5,2339
5,2353
5,2515
5,2677
5,2711
5,2737
5,2765
5,2790
5,2876
5,2908
5,2914
5,3242
5,3261
5,3425
5,3578
5,3808
5,3815
5,3895
5,4058
5,4169
5,4178
5,4318
5,4438
5,4521
5,4612
5,4664
5,4858
5,5031
5,5167
5,5230
5,5231
5,5242
5,5368
5,5463
5,5746
5,5765
5,5869
5,5880
5,6109
5,6260
5,6404
5,6516
5,6574
5,6672
5,6690
5,6713
5,6785
5,7036
5,7165
5,7257
5,7264
5,7274
5,7320
5,7333
5,7429
5,7473
5,7485
5,7503
5,7558
5,7787
5,7881
5,8253
5,8411
5,8530
5,8631
5,8731
5,8743
5,8749
5,8971
5,9043
5,9084
5,9205
5,9209
5,9290
5,9673
5,9875
5,9973
5,9988
5,10162
5,10679
5,10728
5,10789
5,10852
5,10922
5,10936
5,10953
5,10980
5,11088
5,11235
5,11332
5,11345
5,11376
5,11455
5,11463
5,11470
5,11520
5,11650
5,11752
5,11910
5,11922
5,11926
5,11933
5,11945
5,11966
5,12024
5,12051
5,12268
5,12366
5,12455
5,12469
5,12648
5,12835
5,12857
5,12952
5,12954
5,13354
5,13652
5,13661
5,13789
5,13807
5,13902
5,13956
5,14143
5,14210
5,14419
5,14464
5,15013
5,15060
5,15246
5,15375
5,15435
5,15470
5,15526
5,15996
5,16034
5,16185
5,16236
5,16240
6,25
6,120
6,164
6,196
6,216
6,238
6,369
6,475
6,565
6,612
6,698
6,990
6,1004
6,1020
6,1042
6,1109
6,1187
6,1266
6,1291
6,1295
6,1316
6,1367
6,1393
6,1445
6,1467
6,1576
6,1622
6,1748
6,1797
6,1829
6,1833
6,1860
6,2074
6,2117
6,2120
6,2143
6,2154
6,2180
6,2465
6,2625
6,2691
6,2780
6,2879
6,2932
6,2958
6,2998
6,3073
6,3102
6,3112
6,3134
6,3178
6,3181
6,3244
6,3260
6,3324
6,3374
6,3592
6,3612
6,3629
6,3688
6,3706
6,3745
6,3765
6,3919
6,3976
6,4072
6,4084
6,4088
6,4147
6,4198
6,4236
6,4327
6,4333
6,4388
6,4439
6,4443
6,4677
6,4783
6,4936
6,4945
6,4991
6,4994
6,5134
6,5182
6,5204
6,5249
6,5313
6,5354
6,5661
6,5748
6,5763
6,5859
6,5889
6,5970
6,5988
6,5989
6,6069
6,6253
6,6299
6,6337
6,6396
6,6423
6,6477
6,6482
6,6624
6,6634
6,6746
6,6780
6,6838
6,6921
6,6953
6,7055
6,7090
6,7221
6,7245
6,7372
6,7381
6,7424
6,7449
6,7539
6,7778
6,7838
6,7930
6,7932
6,7951
6,7969
6,8101
6,8474
6,8514
6,8614
6,8622
6,8725
6,8767
6,9119
6,9143
6,9286
6,9380
6,9517
6,9598
6,9691
6,9756
6,9853
6,9872
6,9947
6,9985
6,9991
6,10103
6,10171
6,10209
6,10210
6,10245
6,10259
6,10267
6,10533
6,10571
6,10606
6,10621
6,10667
6,10694
6,10711
6,10782
6,10783
6,10790
6,10843
6,10895
6,10926
6,10938
6,11071
6,11106
6,11125
6,11155
6,11339
6,11462
6,11629
6,11643
6,11647
6,11759
6,11817
6,11877
6,11926
6,11931
6,12030
6,12079
6,12106
6,12127
6,12132
6,12154
6,12361
6,12614
6,12678
6,12772
6,12789
6,12792
6,12822
6,13049
6,13243
6,13251
6,13438
6,13513
6,13525
6,13617
6,13619
6,13652
6,13671
6,13708
6,13744
6,13778
6,13807
6,13831
6,13943
6,14068
6,14211
6,14332
6,14355
6,14374
6,14657
6,14666
6,14744
6,14750
6,14888
6,14906
6,14995
6,15068
6,15294
6,15315
6,15324
6,15389
6,15391
6,15730
6,15796
6,15839
6,15894
6,15944
6,16026
6,16135
6,16327
6,16359
6,16369
7,37
7,52
7,57
7,63
7,145
7,160
7,206
7,230
7,261
7,269
7,299
7,311
7,327
7,329
7,333
7,377
7,500
7,535
7,557
7,618
7,643
7,680
7,768
7,802
7,806
7,814
7,869
7,910
7,920
7,933
7,1138
7,1140
7,1162
7,1173
7,1193
7,1202
7,1243
7,1267
7,1303
7,1373
7,1390
7,1443
7,1446
7,1454
7,1569
7,1637
7,1666
7,1732
7,1792
7,1851
7,2058
7,2088
7,2106
7,2112
7,2114
7,2150
7,2164
7,2171
7,2186
7,2230
7,2240
7,2267
7,2271
7,2282
7,2298
7,2307
7,2318
7,2343
7,2359
7,2362
7,2365
7,2398
7,2418
7,2440
7,2443
7,2446
7,2466
7,2468
7,2509
7,2549
7,2586
7,2595
7,2599
7,2630
7,2689
7,2748
7,2814
7,2945
7,2998
7,3007
7,3061
7,3114
7,3206
7,3248
7,3306
7,3375
7,3402
7,3437
7,3456
7,3472
7,3473
7,3481
7,3509
7,3518
7,3555
7,3572
7,3574
7,3704
7,3708
7,3781
7,3798
7,3814
7,3821
7,3831
7,3843
7,3881
7,3904
7,3925
7,4025
7,4046
7,4063
7,4096
7,4110
7,4117
7,4121
7,4149
7,4164
7,4173
7,4200
7,4232
7,4264
7,4284
7,4289
7,4320
7,4333
7,4387
7,4415
7,4425
7,4444
7,4467
7,4497
7,4542
7,4554
7,4573
7,4683
7,4714
7,4750
7,4770
7,4787
7,4803
7,4808
7,4838
7,4852
7,4888
7,4896
7,4932
7,4940
7,4974
7,4980
7,5037
7,5038
7,5076
7,5081
7,5138
7,5167
7,5327
7,5389
7,5393
7,5530
7,5633
7,5679
7,5715
7,5720
7,5731
7,5809
7,5835
7,5943
7,6005
7,6011
7,6076
7,6077
7,6145
7,6147
7,6153
7,6175
7,6212
7,6279
7,6291
7,6311
7,6321
7,6326
7,6333
7,6346
7,6372
7,6427
7,6459
7,6498
7,6620
7,6649
7,6713
7,6732
7,6847
7,6883
7,6927
7,6939
7,7011
7,7028
7,7170
7,7188
7,7232
7,7300
7,7301
7,7331
7,7339
7,7349
7,7487
7,7491
7,7504
7,7525
7,7531
7,7572
7,7624
7,7658
7,7674
7,7719
7,7744
7,7749
7,7845
7,7885
7,7938
7,7939
7,7948
7,7954
7,7969
7,8032
7,8051
7,8074
7,8126
7,8136
7,8145
7,8156
7,8183
7,8192
7,8225
7,8291
7,8310
7,8342
7,8422
7,8430
7,8432
7,8605
7,8615
7,8735
7,8750
7,8761
7,8818
7,8943
7,8971
7,9003
7,9005
7,9161
7,9174
7,9183
7,9203
7,9247
7,9263
7,9280
7,9285
7,9342
7,9345
7,9356
7,9358
7,9462
7,9465
7,9484
7,9496
7,9523
7,9529
7,9532
7,9538
7,9540
7,9566
7,9579
7,9586
7,9601
7,9624
7,9748
7,9760
7,9765
7,9793
7,9803
7,9817
7,9837
7,9880
7,9885
7,9888
7,9896
7,9951
7,10064
7,10075
7,10115
7,10179
7,10215
7,10229
7,10304
7,10306
7,10319
7,10325
7,10377
7,10394
7,10410
7,10418
7,10443
7,10482
7,10553
7,10564
7,10623
7,10676
7,10692
7,10718
7,10757
7,10772
7,10803
7,10811
7,10812
7,10836
7,10855
7,10881
7,10891
7,10895
7,10899
7,10912
7,10920
7,10984
7,11006
7,11015
7,11063
7,11096
7,11202
7,11209
7,11309
7,11329
7,11330
7,11354
7,11378
7,11388
7,11474
7,11518
7,11552
7,11595
7,11612
7,11647
7,11675
7,11677
7,11720
7,11760
7,11765
7,11776
7,11822
7,11855
7,11903
7,11994
7,12017
7,12120
7,12130
7,12172
7,12183
7,12215
7,12216
7,12251
7,12281
7,12293
7,12302
7,12311
7,12317
7,12380
7,12401
7,12410
7,12420
7,12556
7,12559
7,12575
7,12598
7,12641
7,12700
7,12703
7,12740
7,12741
7,12743
7,12771
7,12782
7,12808
7,12856
7,12871
7,12925
7,12963
7,12969
7,13053
7,13057
7,13058
7,13113
7,13140
7,13155
7,13210
7,13212
7,13266
7,13274
7,13326
7,13394
7,13415
7,13470
7,13477
7,13505
7,13515
7,13564
7,13577
7,13583
7,13588
7,13609
7,13687
7,13727
7,13810
7,13811
7,13821
7,13953
7,13965
7,13999
7,14041
7,14084
7,14116
7,14149
7,14171
7,14180
7,14244
7,14245
7,14285
7,14352
7,14404
7,14436
7,14451
7,14454
7,14506
7,14518
7,14530
7,14541
7,14559
7,14593
7,14600
7,14672
7,14700
7,14704
7,14723
7,14725
7,14749
7,14751
7,14771
7,14838
7,14848
7,14862
7,14887
7,14954
7,14990
7,15141
7,15145
7,15186
7,15241
7,15259
7,15357
7,15360
7,15365
7,15367
7,15377
7,15389
7,15403
7,15406
7,15409
7,15458
7,15485
7,15495
7,15525
7,15533
7,15543
7,15599
7,15613
7,15751
7,15754
7,15779
7,15788
7,15865
7,15872
7,15873
7,15892
7,15898
7,15988
7,16048
7,16103
7,16131
7,16173
7,16208
7,16268
7,16346
7,16362
7,16369
7,16382
8,222
8,580
8,620
8,657
8,862
8,869
8,1012
8,1056
8,1066
8,1137
8,1188
8,1264
8,1288
8,1419
8,1500
8,1504
8,1636
8,1740
8,1822
8,1955
8,1980
8,2036
8,2048
8,2176
8,2220
8,2311
8,2355
8,2533
8,2618
8,2634
8,2746
8,2760
8,2902
8,2921
8,2935
8,2938
8,3024
8,3046
8,3072
8,3242
8,3254
8,3347
8,3351
8,3355
8,3542
8,3623
8,3731
8,3783
8,3826
8,3831
8,3925
8,4074
8,4079
8,4137
8,4151
8,4433
8,4436
8,4491
8,4623
8,4658
8,4691
8,4705
8,4798
8,4830
8,4873
8,4881
8,4973
8,5100
8,5219
8,5233
8,5314
8,5387
8,5417
8,5459
8,5494
8,5663
8,5668
8,5689
8,5763
8,5768
8,5775
8,5789
8,5801
8,5872
8,6020
8,6064
8,6128
8,6194
8,6216
8,6243
8,6284
8,6307
8,6315
8,6626
8,6631
8,6734
8,6747
8,6904
8,7013
8,7052
8,7074
8,7219
8,7269
8,7319
8,7338
8,7348
8,7357
8,7512
8,7593
8,7653
8,7680
8,7817
8,7868
8,7882
8,7912
8,8149
8,8205
8,8322
8,8658
8,8964
8,9145
8,9209
8,9237
8,9281
8,9326
8,9420
8,9520
8,9660
8,9758
8,9770
8,9803
8,9848
8,9874
8,10003
8,10029
8,10131
8,10132
8,10267
8,10472
8,10623
8,10651
8,10800
8,10948
8,10971
8,11005
8,11067
8,11189
8,11357
8,11373
8,11445
8,11446
8,11458
8,11487
8,11564
8,11596
8,11603
8,11661
8,11721
8,11961
8,11978
8,12079
8,12121
8,12155
8,12212
8,12262
8,12263
8,12368
8,12425
8,12653
8,12730
8,12735
8,12816
8,12994
8,13137
8,13305
8,13361
8,13382
8,13600
8,13606
8,13656
8,13685
8,13700
8,13775
8,13829
8,13830
8,13919
8,14141
8,14217
8,14337
8,14445
8,14576
8,14685
8,14752
8,14857
8,14987
8,15033
8,15042
8,15074
8,15075
8,15089
8,15289
8,15296
8,15304
8,15337
8,15346
8,15442
8,15450
8,15558
8,15581
8,15598
8,15630
8,15855
8,15933
8,15968
8,16047
8,16138
8,16168
8,16175
8,16262
8,16301
8,16346
8,16347
8,16361
9,13
9,18
9,21
9,29
9,38
9,41
9,44
9,49
9,80
9,121
9,128
9,138
9,176
9,177
9,198
9,201
9,212
9,272
9,292
9,298
9,300
9,339
9,372
9,383
9,414
9,444
9,447
9,448
9,484
9,515
9,519
9,523
9,587
9,589
9,611
9,616
9,627
9,644
9,655
9,658
9,683
9,692
9,695
9,700
9,709
9,724
9,725
9,739
9,741
9,766
9,772
9,778
9,789
9,813
9,816
9,838
9,840
9,867
9,868
9,878
9,903
9,907
9,924
9,933
9,963
9,1001
9,1012
9,1034
9,1041
9,1043
9,1093
9,1116
9,1182
9,1197
9,1217
9,1218
9,1258
9,1276
9,1284
9,1354
9,1362
9,1364
9,1369
9,1370
9,1371
9,1390
9,1404
9,1410
9,1439
9,1448
9,1465
9,1487
9,1490
9,1494
9,1498
9,1500
9,1514
9,1535
9,1536
9,1538
9,1548
9,1564
9,1604
9,1623
9,1633
9,1638
9,1660
9,1669
9,1670
9,1687
9,1702
9,1733
9,1779
9,1781
9,1786
9,1790
9,1792
9,1796
9,1813
9,1818
9,1824
9,1839
9,1853
9,1856
9,1873
9,1918
9,1920
9,1951
9,1959
9,1971
9,2005
9,2033
9,2037
9,2071
9,2084
9,2085
9,2089
9,2099
9,2109
9,2118
9,2125
9,2131
9,2159
9,2183
9,2187
9,2191
9,2197
9,2208
9,2222
9,2234
9,2259
9,2264
9,2271
9,2272
9,2291
9,2296
9,2301
9,2307
9,2318
9,2337
9,2348
9,2369
9,2395
9,2418
9,2422
9,2429
9,2440
9,2446
9,2451
9,2456
9,2458
9,2497
9,2522
9,2527
9,2535
9,2540
9,2564
9,2583
9,2608
9,2622
9,2641
9,2665
9,2670
9,2677
9,2680
9,2682
9,2686
9,2746
9,2772
9,2783
9,2792
9,2805
9,2812
9,2814
9,2823
9,2852
9,2861
9,2880
9,2894
9,2907
9,2908
9,2914
9,2973
9,2979
9,2985
9,2988
9,2993
9,2995
9,3003
9,3042
9,3051
9,3062
9,3071
9,3094
9,3109
9,3115
9,3116
9,3123
9,3136
9,3137
9,3144
9,3152
9,3155
9,3162
9,3179
9,3187
9,3198
9,3208
9,3223
9,3231
9,3234
9,3235
9,3256
9,3264
9,3269
9,3271
9,3273
9,3281
9,3288
9,3334
9,3346
9,3361
9,3396
9,3410
9,3414
9,3421
9,3425
9,3428
9,3456
9,3471
9,3476
9,3483
9,3489
9,3500
9,3521
9,3532
9,3536
9,3545
9,3555
9,3556
9,3564
9,3572
9,3582
9,3593
9,3601
9,3605
9,3626
9,3649
9,3652
9,3658
9,3669
9,3673
9,3677
9,3683
9,3699
9,3713
9,3721
9,3725
9,3727
9,3729
9,3742
9,3756
9,3757
9,3786
9,3793
9,3808
9,3850
9,3859
9,3862
9,3871
9,3884
9,3905
9,3908
9,3914
9,3941
9,3946
9,3949
9,3963
9,3965
9,3969
9,3976
9,3977
9,3979
9,3984
9,4000
9,4004
9,4027
9,4037
9,4058
9,4075
9,4110
9,4125
9,4147
9,4155
9,4186
9,4196
9,4217
9,4229
9,4234
9,4235
9,4250
9,4259
9,4262
9,4278
9,4305
9,4319
9,4332
9,4345
9,4354
9,4358
9,4365
9,4383
9,4402
9,4405
9,4418
9,4420
9,4444
9,4456
9,4472
9,4479
9,4509
9,4510
9,4530
9,4531
9,4537
9,4557
9,4563
9,4572
9,4582
9,4586
9,4599
9,4602
9,4629
9,4638
9,4666
9,4710
9,4717
9,4724
9,4752
9,4754
9,4758
9,4771
9,4786
9,4802
9,4806
9,4807
9,4825
9,4853
9,4865
9,4874
9,4883
9,4930
9,4938
9,4948
9,4989
9,4998
9,5027
9,5037
9,5038
9,5052
9,5054
9,5073
9,5080
9,5082
9,5094
9,5099
9,5107
9,5114
9,5115
9,5140
9,5157
9,5159
9,5180
9,5206
9,5208
9,5221
9,5223
9,5228
9,5250
9,5273
9,5293
9,5335
9,5378
9,5390
9,5401
9,5406
9,5407
9,5408
9,5420
9,5444
9,5468
9,5470
9,5529
9,5531
9,5536
9,5548
9,5549
9,5574
9,5584
9,5587
9,5591
9,5595
9,5627
9,5648
9,5672
9,5693
9,5723
9,5759
9,5760
9,5783
9,5789
9,5805
9,5807
9,5813
9,5826
9,5834
9,5836
9,5849
9,5857
9,5863
9,5872
9,5878
9,5906
9,5908
9,5916
9,5965
9,5981
9,6002
9,6005
9,6036
9,6079
9,6085
9,6099
9,6116
9,6140
9,6165
9,6196
9,6221
9,6223
9,6239
9,6247
9,6261
9,6262
9,6276
9,6282
9,6306
9,6322
9,6334
9,6336
9,6340
9,6341
9,6343
9,6344
9,6355
9,6370
9,6376
9,6382
9,6383
9,6412
9,6415
9,6425
9,6447
9,6476
9,6479
9,6485
9,6516
9,6541
9,6558
9,6565
9,6618
9,6631
9,6639
9,6661
9,6663
9,6668
9,6679
9,6709
9,6733
9,6739
9,6747
9,6767
9,6778
9,6793
9,6794
9,6797
9,6815
9,6833
9,6835
9,6841
9,6914
9,6920
9,6923
9,6929
9,6949
9,6963
9,6967
9,6976
9,6977
9,6990
9,7000
9,7007
9,7051
9,7052
9,7065
9,7066
9,7086
9,7090
9,7092
9,7112
9,7115
9,7116
9,7135
9,7165
9,7184
9,7187
9,7190
9,7210
9,7212
9,7227
9,7243
9,7244
9,7260
9,7262
9,7266
9,7292
9,7318
9,7357
9,7386
9,7387
9,7412
9,7415
9,7418
9,7427
9,7435
9,7436
9,7439
9,7467
9,7476
9,7498
9,7504
9,7508
9,7530
9,7604
9,7617
9,7630
9,7659
9,7663
9,7687
9,7702
9,7735
9,7743
9,7749
9,7750
9,7759
9,7763
9,7791
9,7810
9,7811
9,7818
9,7840
9,7853
9,7874
9,7891
9,7893
9,7894
9,7895
9,7902
9,7905
9,7951
9,7954
9,7963
9,7968
9,7978
9,8001
9,8014
9,8042
9,8071
9,8084
9,8088
9,8100
9,8103
9,8111
9,8118
9,8125
9,8146
9,8193
9,8197
9,8198
9,8201
9,8216
9,8219
9,8227
9,8229
9,8245
9,8248
9,8261
9,8274
9,8298
9,8312
9,8328
9,8345
9,8356
9,8360
9,8371
9,8377
9,8378
9,8405
9,8413
9,8415
9,8417
9,8467
9,8477
9,8487
9,8506
9,8561
9,8587
9,8591
9,8604
9,8609
9,8612
9,8621
9,8642
9,8656
9,8674
9,8676
9,8680
9,8681
9,8705
9,8712
9,8723
9,8761
9,8763
9,8768
9,8776
9,8803
9,8851
9,8863
9,8890
9,8939
9,8941
9,8952
9,8970
9,8982
9,8983
9,8997
9,9000
9,9007
9,9040
9,9045
9,9071
9,9077
9,9081
9,9082
9,9099
9,9103
9,9111
9,9114
9,9121
9,9125
9,9126
9,9128
9,9131
9,9146
9,9149
9,9181
9,9215
9,9233
9,9240
9,9248
9,9272
9,9273
9,9275
9,9278
9,9313
9,9325
9,9326
9,9359
9,9379
9,9410
9,9418
9,9424
9,9429
9,9458
9,9481
9,9486
9,9495
9,9506
9,9508
9,9512
9,9518
9,9578
9,9580
9,9583
9,9584
9,9585
9,9607
9,9614
9,9619
9,9667
9,9670
9,9699
9,9711
9,9744
9,9785
9,9790
9,9803
9,9829
9,9864
9,9880
9,9884
9,9885
9,9895
9,9910
9,9912
9,9916
9,9954
9,9959
9,9966
9,9977
9,9988
9,10007
9,10032
9,10046
9,10058
9,10064
9,10072
9,10136
9,10143
9,10165
9,10188
9,10196
9,10208
9,10244
9,10246
9,10275
9,10278
9,10286
9,10349
9,10352
9,10362
9,10377
9,10378
9,10410
9,10414
9,10426
9,10432
9,10449
9,10452
9,10453
9,10497
9,10531
9,10545
9,10567
9,10590
9,10591
9,10603
9,10636
9,10655
9,10661
9,10677
9,10684
9,10688
9,10690
9,10707
9,10718
9,10720
9,10722
9,10743
9,10754
9,10764
9,10780
9,10789
9,10790
9,10794
9,10803
9,10807
9,10815
9,10843
9,10867
9,10870
9,10887
9,10890
9,10912
9,10921
9,10932
9,10933
9,10936
9,10945
9,10958
9,10963
9,10964
9,10969
9,10973
9,10982
9,10986
9,10998
9,11011
9,11040
9,11041
9,11043
9,11049
9,11062
9,11070
9,11071
9,11073
9,11136
9,11146
9,11161
9,11174
9,11212
9,11233
9,11240
9,11245
9,11248
9,11280
9,11286
9,11289
9,11297
9,11302
9,11304
9,11306
9,11338
9,11360
9,11367
9,11402
9,11408
9,11413
9,11421
9,11436
9,11441
9,11461
9,11468
9,11474
9,11498
9,11509
9,11515
9,11516
9,11518
9,11543
9,11551
9,11592
9,11605
9,11613
9,11614
9,11617
9,11622
9,11636
9,11637
9,11640
9,11647
9,11648
9,11650
9,11661
9,11682
9,11701
9,11710
9,11734
9,11735
9,11738
9,11744
9,11754
9,11772
9,11782
9,11789
9,11794
9,11807
9,11812
9,11820
9,11829
9,11840
9,11847
9,11887
9,11924
9,11937
9,11953
9,11964
9,11987
9,11991
9,11992
9,11995
9,11996
9,12004
9,12037
9,12053
9,12054
9,12069
9,12086
9,12091
9,12095
9,12105
9,12111
9,12177
9,12178
9,12183
9,12185
9,12201
9,12210
9,12229
9,12257
9,12285
9,12290
9,12296
9,12345
9,12362
9,12363
9,12378
9,12385
9,12386
9,12390
9,12393
9,12400
9,12421
9,12433
9,12439
9,12446
9,12459
9,12478
9,12496
9,12514
9,12533
9,12544
9,12563
9,12566
9,12577
9,12595
9,12598
9,12612
9,12624
9,12627
9,12628
9,12631
9,12635
9,12643
9,12654
9,12662
9,12677
9,12693
9,12701
9,12732
9,12756
9,12757
9,12802
9,12804
9,12827
9,12829
9,12860
9,12871
9,12891
9,12903
9,12914
9,12934
9,12944
9,12947
9,12958
9,12966
9,12969
9,12972
9,12988
9,12992
9,13009
9,13015
9,13036
9,13050
9,13080
9,13097
9,13108
9,13111
9,13144
9,13149
9,13151
9,13170
9,13176
9,13184
9,13195
9,13213
9,13231
9,13251
9,13266
9,13278
9,13292
9,13320
9,13332
9,13351
9,13368
9,13382
9,13419
9,13454
9,13461
9,13479
9,13518
9,13522
9,13525
9,13534
9,13541
9,13573
9,13578
9,13591
9,13596
9,13629
9,13638
9,13647
9,13666
9,13680
9,13693
9,13699
9,13703
9,13711
9,13779
9,13813
9,13821
9,13834
9,13839
9,13871
9,13886
9,13901
9,13905
9,13916
9,13922
9,13926
9,13946
9,13951
9,13955
9,13978
9,13979
9,13981
9,13983
9,13988
9,14004
9,14010
9,14011
9,14012
9,14017
9,14040
9,14050
9,14062
9,14076
9,14098
9,14117
9,14139
9,14145
9,14156
9,14168
9,14172
9,14193
9,14200
9,14213
9,14250
9,14262
9,14269
9,14283
9,14300
9,14306
9,14325
9,14353
9,14365
9,14389
9,14414
9,14427
9,14435
9,14446
9,14460
9,14511
9,14525
9,14526
9,14566
9,14590
9,14593
9,14603
9,14615
9,14654
9,14674
9,14690
9,14702
9,14703
9,14719
9,14722
9,14751
9,14764
9,14784
9,14817
9,14844
9,14862
9,14864
9,14870
9,14875
9,14884
9,14894
9,14895
9,14900
9,14924
9,14926
9,14929
9,14937
9,14943
9,14952
9,14954
9,14958
9,14961
9,14975
9,14984
9,14996
9,15021
9,15024
9,15031
9,15033
9,15034
9,15036
9,15037
9,15100
9,15104
9,15106
9,15130
9,15132
9,15136
9,15161
9,15168
9,15185
9,15188
9,15205
9,15248
9,15271
9,15277
9,15295
9,15300
9,15304
9,15307
9,15311
9,15330
9,15352
9,15354
9,15373
9,15378
9,15379
9,15383
9,15387
9,15405
9,15411
9,15417
9,15419
9,15439
9,15450
9,15467
9,15494
9,15495
9,15501
9,15508
9,15526
9,15551
9,15590
9,15591
9,15592
9,15593
9,15605
9,15607
9,15608
9,15613
9,15642
9,15651
9,15666
9,15670
9,15704
9,15715
9,15718
9,15721
9,15725
9,15734
9,15757
9,15783
9,15803
9,15807
9,15810
9,15815
9,15832
9,15833
9,15855
9,15859
9,15860
9,15864
9,15867
9,15881
9,15912
9,15923
9,15928
9,15954
9,15969
9,15999
9,16010
9,16023
9,16061
9,16079
9,16086
9,16088
9,16116
9,16141
9,16163
9,16168
9,16190
9,16197
9,16223
9,16250
9,16264
9,16267
9,16270
9,16280
9,16283
9,16285
9,16297
9,16298
9,16325
9,16349
9,16354
10,6
10,36
10,41
10,44
10,49
10,53
10,65
10,90
10,131
10,133
10,147
10,188
10,191
10,192
10,209
10,234
10,248
10,266
10,309
10,331
10,346
10,347
10,365
10,378
10,390
10,418
10,421
10,422
10,447
10,466
10,470
10,480
10,517
10,522
10,528
10,584
10,588
10,605
10,615
10,619
10,627
10,630
10,635
10,636
10,646
10,689
10,698
10,711
10,712
10,725
10,729
10,752
10,771
10,773
10,774
10,778
10,789
10,792
10,798
10,804
10,806
10,816
10,850
10,872
10,880
10,890
10,899
10,901
10,907
10,908
10,949
10,953
10,970
10,997
10,1005
10,1067
10,1069
10,1102
10,1129
10,1155
10,1156
10,1173
10,1215
10,1272
10,1282
10,1291
10,1328
10,1351
10,1377
10,1403
10,1404
10,1425
10,1428
10,1466
10,1483
10,1484
10,1524
10,1577
10,1585
10,1594
10,1607
10,1609
10,1622
10,1666
10,1692
10,1714
10,1735
10,1741
10,1744
10,1777
10,1794
10,1804
10,1806
10,1814
10,1815
10,1841
10,1855
10,1868
10,1871
10,1872
10,1880
10,1903
10,1925
10,1937
10,1940
10,1941
10,1963
10,1966
10,1976
10,1993
10,2009
10,2016
10,2018
10,2020
10,2024
10,2027
10,2037
10,2040
10,2041
10,2089
10,2096
10,2098
10,2128
10,2135
10,2148
10,2155
10,2172
10,2193
10,2203
10,2207
10,2220
10,2237
10,2257
10,2259
10,2260
10,2267
10,2270
10,2282
10,2285
10,2292
10,2318
10,2324
10,2331
10,2333
10,2338
10,2344
10,2356
10,2360
10,2371
10,2382
10,2405
10,2411
10,2430
10,2449
10,2467
10,2469
10,2484
10,2487
10,2511
10,2526
10,2530
10,2541
10,2554
10,2555
10,2564
10,2571
10,2577
10,2595
10,2627
10,2631
10,2638
10,2640
10,2644
10,2646
10,2647
10,2679
10,2683
10,2742
10,2779
10,2787
10,2793
10,2826
10,2830
10,2841
10,2852
10,2860
10,2861
10,2873
10,2878
10,2887
10,2898
10,2919
10,2931
10,2946
10,2948
10,2979
10,2982
10,3017
10,3018
10,3020
10,3036
10,3038
10,3041
10,3043
10,3055
10,3071
10,3083
10,3102
10,3125
10,3146
10,3147
10,3156
10,3163
10,3179
10,3182
10,3219
10,3230
10,3245
10,3264
10,3266
10,3281
10,3302
10,3312
10,3321
10,3335
10,3336
10,3337
10,3348
10,3349
10,3359
10,3363
10,3374
10,3387
10,3401
10,3402
10,3405
10,3406
10,3454
10,3460
10,3471
10,3479
10,3480
10,3481
10,3489
10,3500
10,3526
10,3528
10,3581
10,3590
10,3609
10,3618
10,3641
10,3643
10,3650
10,3656
10,3659
10,3668
10,3692
10,3695
10,3713
10,3733
10,3734
10,3758
10,3790
10,3801
10,3802
10,3842
10,3867
10,3870
10,3878
10,3902
10,3911
10,3914
10,3922
10,3934
10,3997
10,4004
10,4049
10,4081
10,4101
10,4123
10,4127
10,4133
10,4136
10,4141
10,4144
10,4149
10,4199
10,4204
10,4228
10,4230
10,4240
10,4258
10,4312
10,4340
10,4359
10,4381
10,4387
10,4431
10,4432
10,4437
10,4453
10,4458
10,4477
10,4520
10,4525
10,4532
10,4533
10,4567
10,4608
10,4610
10,4614
10,4637
10,4646
10,4662
10,4665
10,4666
10,4679
10,4684
10,4698
10,4712
10,4715
10,4730
10,4772
10,4774
10,4775
10,4776
10,4780
10,4804
10,4851
10,4878
10,4888
10,4906
10,4931
10,4934
10,4948
10,4954
10,4961
10,5007
10,5079
10,5087
10,5109
10,5135
10,5173
10,5181
10,5185
10,5206
10,5210
10,5230
10,5255
10,5259
10,5272
10,5305
10,5314
10,5318
10,5320
10,5333
10,5335
10,5358
10,5377
10,5386
10,5389
10,5397
10,5411
10,5417
10,5420
10,5441
10,5448
10,5480
10,5491
10,5495
10,5496
10,5530
10,5544
10,5546
10,5558
10,5577
10,5593
10,5596
10,5599
10,5603
10,5604
10,5624
10,5639
10,5652
10,5665
10,5666
10,5669
10,5686
10,5724
10,5745
10,5746
10,5747
10,5748
10,5788
10,5789
10,5790
10,5792
10,5797
10,5811
10,5817
10,5834
10,5838
10,5857
10,5868
10,5873
10,5887
10,5890
10,5893
10,5935
10,5937
10,5948
10,5953
10,5958
10,5962
10,5978
10,6009
10,6030
10,6035
10,6079
10,6100
10,6101
10,6111
10,6119
10,6125
10,6139
10,6158
10,6216
10,6218
10,6228
10,6243
10,6245
10,6246
10,6259
10,6271
10,6278
10,6280
10,6281
10,6299
10,6317
10,6350
10,6357
10,6368
10,6369
10,6372
10,6373
10,6392
10,6415
10,6420
10,6470
10,6471
10,6480
10,6494
10,6559
10,6564
10,6585
10,6588
10,6606
10,6621
10,6623
10,6624
10,6704
10,6735
10,6747
10,6767
10,6770
10,6782
10,6809
10,6810
10,6834
10,6851
10,6854
10,6881
10,6897
10,6908
10,6914
10,6917
10,6918
10,6920
10,6946
10,6948
10,6958
10,6970
10,6983
10,7020
10,7025
10,7033
10,7039
10,7054
10,7078
10,7111
10,7119
10,7132
10,7146
10,7149
10,7154
10,7157
10,7160
10,7165
10,7168
10,7169
10,7175
10,7180
10,7220
10,7225
10,7236
10,7305
10,7335
10,7396
10,7403
10,7404
10,7408
10,7422
10,7428
10,7434
10,7437
10,7448
10,7493
10,7506
10,7527
10,7541
10,7546
10,7568
10,7569
10,7600
10,7603
10,7612
10,7613
10,7620
10,7621
10,7628
10,7650
10,7656
10,7682
10,7684
10,7710
10,7716
10,7727
10,7730
10,7732
10,7736
10,7743
10,7756
10,7765
10,7766
10,7770
10,7771
10,7787
10,7836
10,7839
10,7843
10,7851
10,7872
10,7890
10,7909
10,7921
10,7962
10,7977
10,7988
10,7994
10,8005
10,8008
10,8014
10,8019
10,8022
10,8035
10,8046
10,8056
10,8061
10,8066
10,8067
10,8078
10,8092
10,8110
10,8122
10,8128
10,8133
10,8146
10,8149
10,8158
10,8182
10,8184
10,8190
10,8201
10,8208
10,8216
10,8219
10,8231
10,8245
10,8252
10,8257
10,8261
10,8265
10,8273
10,8281
10,8283
10,8298
10,8315
10,8316
10,8321
10,8323
10,8337
10,8340
10,8341
10,8350
10,8355
10,8369
10,8434
10,8439
10,8452
10,8463
10,8497
10,8500
10,8511
10,8518
10,8527
10,8529
10,8538
10,8559
10,8573
10,8603
10,8612
10,8655
10,8661
10,8670
10,8678
10,8691
10,8692
10,8701
10,8723
10,8740
10,8745
10,8753
10,8754
10,8772
10,8796
10,8799
10,8801
10,8802
10,8805
10,8814
10,8844
10,8855
10,8857
10,8858
10,8875
10,8882
10,8902
10,8917
10,8928
10,8940
10,8948
10,8993
10,8995
10,9001
10,9051
10,9061
10,9067
10,9069
10,9090
10,9104
10,9131
10,9136
10,9143
10,9147
10,9150
10,9152
10,9161
10,9164
10,9183
10,9196
10,9212
10,9222
10,9238
10,9246
10,9263
10,9272
10,9290
10,9322
10,9393
10,9425
10,9467
10,9469
10,9472
10,9481
10,9488
10,9499
10,9517
10,9531
10,9532
10,9551
10,9580
10,9584
10,9598
10,9600
10,9607
10,9608
10,9618
10,9623
10,9626
10,9630
10,9631
10,9641
10,9642
10,9646
10,9650
10,9657
10,9661
10,9675
10,9681
10,9691
10,9730
10,9736
10,9754
10,9781
10,9812
10,9814
10,9826
10,9880
10,9897
10,9931
10,9949
10,9958
10,9970
10,9988
10,9995
10,10009
10,10029
10,10047
10,10056
10,10066
10,10071
10,10229
10,10232
10,10240
10,10265
10,10273
10,10279
10,10346
10,10358
10,10440
10,10453
10,10455
10,10462
10,10484
10,10489
10,10511
10,10516
10,10526
10,10538
10,10541
10,10543
10,10564
10,10571
10,10574
10,10584
10,10609
10,10610
10,10611
10,10629
10,10634
10,10647
10,10653
10,10659
10,10663
10,10674
10,10676
10,10687
10,10705
10,10707
10,10722
10,10726
10,10759
10,10787
10,10799
10,10801
10,10803
10,10808
10,10810
10,10827
10,10832
10,10835
10,10858
10,10872
10,10886
10,10893
10,10900
10,10924
10,10927
10,10930
10,10941
10,10975
10,10980
10,11011
10,11014
10,11025
10,11026
10,11027
10,11028
10,11053
10,11070
10,11087
10,11099
10,11101
10,11114
10,11116
10,11121
10,11151
10,11170
10,11208
10,11212
10,11229
10,11267
10,11269
10,11276
10,11292
10,11300
10,11315
10,11323
10,11331
10,11335
10,11339
10,11348
10,11354
10,11359
10,11360
10,11383
10,11391
10,11407
10,11417
10,11455
10,11456
10,11465
10,11478
10,11485
10,11505
10,11508
10,11514
10,11517
10,11530
10,11537
10,11547
10,11557
10,11572
10,11574
10,11577
10,11580
10,11587
10,11649
10,11682
10,11690
10,11695
10,11696
10,11699
10,11710
10,11740
10,11743
10,11746
10,11755
10,11762
10,11787
10,11793
10,11806
10,11811
10,11856
10,11884
10,11892
10,11934
10,11935
10,11944
10,11947
10,11952
10,11954
10,11960
10,11973
10,11976
10,11977
10,11996
10,11998
10,12000
10,12003
10,12007
10,12039
10,12042
10,12044
10,12058
10,12119
10,12129
10,12130
10,12150
10,12156
10,12161
10,12164
10,12187
10,12200
10,12201
10,12202
10,12216
10,12224
10,12225
10,12234
10,12235
10,12242
10,12243
10,12283
10,12304
10,12308
10,12344
10,12364
10,12372
10,12411
10,12420
10,12422
10,12427
10,12428
10,12441
10,12444
10,12463
10,12472
10,12475
10,12484
10,12485
10,12490
10,12491
10,12493
10,12497
10,12504
10,12528
10,12532
10,12534
10,12565
10,12571
10,12575
10,12587
10,12601
10,12617
10,12619
10,12628
10,12631
10,12637
10,12639
10,12646
10,12660
10,12674
10,12685
10,12698
10,12715
10,12737
10,12740
10,12741
10,12742
10,12779
10,12781
10,12786
10,12800
10,12820
10,12827
10,12853
10,12859
10,12863
10,12871
10,12917
10,12918
10,12949
10,12975
10,12979
10,12997
10,13009
10,13020
10,13024
10,13041
10,13081
10,13088
10,13111
10,13113
10,13142
10,13147
10,13158
10,13163
10,13181
10,13185
10,13207
10,13222
10,13224
10,13238
10,13277
10,13282
10,13294
10,13299
10,13317
10,13326
10,13328
10,13334
10,13338
10,13339
10,13345
10,13359
10,13366
10,13380
10,13382
10,13420
10,13423
10,13432
10,13473
10,13476
10,13477
10,13504
10,13510
10,13519
10,13535
10,13578
10,13588
10,13607
10,13623
10,13630
10,13632
10,13661
10,13675
10,13682
10,13712
10,13718
10,13730
10,13741
10,13746
10,13756
10,13757
10,13780
10,13782
10,13804
10,13807
10,13829
10,13839
10,13853
10,13866
10,13868
10,13871
10,13878
10,13880
10,13895
10,13926
10,13928
10,13932
10,13935
10,13941
10,13944
10,13951
10,13974
10,13978
10,13982
10,13985
10,14015
10,14087
10,14114
10,14126
10,14134
10,14159
10,14167
10,14170
10,14175
10,14179
10,14184
10,14193
10,14196
10,14197
10,14220
10,14249
10,14255
10,14265
10,14296
10,14300
10,14326
10,14337
10,14339
10,14354
10,14378
10,14394
10,14430
10,14445
10,14452
10,14453
10,14464
10,14483
10,14505
10,14507
10,14519
10,14520
10,14536
10,14537
10,14539
10,14540
10,14541
10,14554
10,14564
10,14565
10,14572
10,14573
10,14579
10,14580
10,14585
10,14597
10,14599
10,14613
10,14615
10,14616
10,14627
10,14637
10,14639
10,14653
10,14666
10,14684
10,14687
10,14702
10,14710
10,14716
10,14720
10,14723
10,14728
10,14729
10,14768
10,14772
10,14774
10,14787
10,14792
10,14793
10,14796
10,14817
10,14825
10,14834
10,14846
10,14852
10,14876
10,14900
10,14911
10,14915
10,14918
10,14924
10,14929
10,14932
10,14933
10,14939
10,14941
10,14949
10,14953
10,14998
10,15021
10,15025
10,15039
10,15050
10,15061
10,15071
10,15096
10,15102
10,15103
10,15126
10,15143
10,15145
10,15177
10,15196
10,15208
10,15233
10,15243
10,15296
10,15299
10,15302
10,15312
10,15326
10,15342
10,15389
10,15440
10,15448
10,15467
10,15474
10,15490
10,15511
10,15526
10,15528
10,15529
10,15576
10,15587
10,15612
10,15618
10,15620
10,15629
10,15644
10,15675
10,15676
10,15678
10,15744
10,15745
10,15779
10,15786
10,15829
10,15830
10,15841
10,15845
10,15870
10,15876
10,15895
10,15944
10,15956
10,15965
10,15980
10,15981
10,15987
10,15990
10,16022
10,16029
10,16032
10,16038
10,16041
10,16052
10,16080
10,16081
10,16085
10,16088
10,16100
10,16101
10,16106
10,16114
10,16132
10,16147
10,16151
10,16165
10,16169
10,16181
10,16191
10,16194
10,16209
10,16228
10,16238
10,16266
10,16304
10,16306
10,16310
10,16337
10,16356
10,16357
10,16363
11,4
11,5
11,84
11,96
11,100
11,102
11,118
11,186
11,205
11,217
11,247
11,299
11,331
11,347
11,360
11,386
11,415
11,422
11,448
11,454
11,456
11,463
11,469
11,499
11,507
11,511
11,512
11,554
11,570
11,599
11,613
11,620
11,733
11,765
11,797
11,799
11,810
11,813
11,818
11,829
11,836
11,837
11,888
11,895
11,899
11,933
11,957
11,984
11,1000
11,1006
11,1043
11,1046
11,1051
11,1108
11,1110
11,1111
11,1131
11,1139
11,1159
11,1190
11,1242
11,1244
11,1250
11,1258
11,1331
11,1341
11,1345
11,1373
11,1412
11,1444
11,1466
11,1467
11,1479
11,1496
11,1504
11,1510
11,1513
11,1546
11,1562
11,1581
11,1584
11,1586
11,1644
11,1650
11,1657
11,1672
11,1675
11,1743
11,1761
11,1770
11,1771
11,1774
11,1789
11,1790
11,1802
11,1814
11,1820
11,1835
11,1847
11,1863
11,1867
11,1886
11,1900
11,1965
11,1975
11,1997
11,2001
11,2068
11,2086
11,2099
11,2100
11,2116
11,2140
11,2169
11,2176
11,2195
11,2203
11,2209
11,2226
11,2237
11,2254
11,2264
11,2310
11,2341
11,2393
11,2408
11,2419
11,2448
11,2479
11,2486
11,2531
11,2561
11,2563
11,2572
11,2589
11,2606
11,2659
11,2667
11,2681
11,2685
11,2715
11,2720
11,2749
11,2752
11,2775
11,2792
11,2809
11,2888
11,2899
11,2937
11,2971
11,3032
11,3083
11,3086
11,3122
11,3125
11,3128
11,3144
11,3194
11,3218
11,3223
11,3247
11,3251
11,3254
11,3262
11,3280
11,3286
11,3289
11,3310
11,3327
11,3346
11,3376
11,3382
11,3383
11,3387
11,3413
11,3422
11,3461
11,3497
11,3532
11,3590
11,3613
11,3654
11,3673
11,3674
11,3688
11,3719
11,3746
11,3768
11,3777
11,3836
11,3855
11,3874
11,3882
11,3886
11,3900
11,3967
11,3985
11,4007
11,4054
11,4082
11,4084
11,4107
11,4109
11,4114
11,4162
11,4164
11,4166
11,4193
11,4199
11,4201
11,4206
11,4221
11,4226
11,4227
11,4259
11,4260
11,4283
11,4319
11,4323
11,4327
11,4359
11,4363
11,4372
11,4388
11,4432
11,4456
11,4466
11,4499
11,4516
11,4527
11,4528
11,4534
11,4536
11,4549
11,4569
11,4572
11,4576
11,4608
11,4677
11,4733
11,4745
11,4770
11,4771
11,4780
11,4787
11,4798
11,4833
11,4843
11,4949
11,5008
11,5019
11,5029
11,5037
11,5042
11,5052
11,5056
11,5068
11,5078
11,5094
11,5099
11,5106
11,5193
11,5208
11,5219
11,5232
11,5247
11,5272
11,5291
11,5309
11,5322
11,5331
11,5345
11,5354
11,5392
11,5430
11,5456
11,5478
11,5484
11,5500
11,5547
11,5548
11,5564
11,5587
11,5622
11,5632
11,5647
11,5720
11,5728
11,5736
11,5760
11,5826
11,5950
11,5967
11,5978
11,6008
11,6041
11,6051
11,6080
11,6087
11,6088
11,6096
11,6126
11,6148
11,6167
11,6193
11,6222
11,6273
11,6284
11,6293
11,6334
11,6364
11,6372
11,6377
11,6397
11,6425
11,6467
11,6485
11,6491
11,6509
11,6525
11,6526
11,6547
11,6572
11,6586
11,6607
11,6613
11,6619
11,6651
11,6686
11,6701
11,6729
11,6765
11,6831
11,6862
11,6866
11,6875
11,6912
11,6934
11,6936
11,6941
11,6967
11,6988
11,6989
11,7012
11,7023
11,7026
11,7055
11,7061
11,7074
11,7098
11,7100
11,7105
11,7115
11,7122
11,7143
11,7146
11,7168
11,7177
11,7222
11,7267
11,7270
11,7276
11,7278
11,7288
11,7291
11,7329
11,7376
11,7427
11,7431
11,7473
11,7481
11,7516
11,7530
11,7543
11,7544
11,7550
11,7552
11,7559
11,7561
11,7565
11,7572
11,7574
11,7580
11,7582
11,7588
11,7590
11,7601
11,7644
11,7665
11,7676
11,7679
11,7697
11,7745
11,7746
11,7763
11,7793
11,7798
11,7808
11,7810
11,7848
11,7855
11,7864
11,7875
11,7900
11,7931
11,7941
11,7943
11,7960
11,7990
11,8057
11,8059
11,8063
11,8085
11,8094
11,8106
11,8110
11,8113
11,8127
11,8131
11,8133
11,8138
11,8147
11,8153
11,8168
11,8170
11,8201
11,8206
11,8212
11,8247
11,8267
11,8271
11,8275
11,8283
11,8288
11,8299
11,8312
11,8330
11,8367
11,8379
11,8427
11,8435
11,8457
11,8463
11,8494
11,8498
11,8515
11,8517
11,8519
11,8567
11,8593
11,8598
11,8601
11,8609
11,8652
11,8657
11,8667
11,8683
11,8694
11,8696
11,8703
11,8704
11,8705
11,8777
11,8791
11,8833
11,8836
11,8851
11,8853
11,8873
11,8888
11,8957
11,8978
11,8983
11,9028
11,9080
11,9153
11,9192
11,9198
11,9200
11,9220
11,9238
11,9267
11,9318
11,9371
11,9386
11,9402
11,9409
11,9410
11,9453
11,9483
11,9497
11,9522
11,9531
11,9534
11,9539
11,9555
11,9558
11,9576
11,9578
11,9593
11,9595
11,9617
11,9639
11,9662
11,9679
11,9685
11,9729
11,9733
11,9792
11,9819
11,9823
11,9848
11,9880
11,9889
11,9908
11,9926
11,9991
11,9993
11,10000
11,10030
11,10035
11,10046
11,10088
11,10214
11,10236
11,10273
11,10293
11,10313
11,10316
11,10354
11,10371
11,10382
11,10413
11,10460
11,10496
11,10530
11,10587
11,10595
11,10610
11,10662
11,10692
11,10706
11,10784
11,10786
11,10800
11,10812
11,10846
11,10862
11,10872
11,10902
11,10904
11,10971
11,10987
11,11002
11,11011
11,11019
11,11021
11,11034
11,11055
11,11063
11,11082
11,11088
11,11109
11,11150
11,11159
11,11171
11,11172
11,11177
11,11195
11,11204
11,11253
11,11385
11,11386
11,11442
11,11462
11,11483
11,11484
11,11543
11,11568
11,11589
11,11606
11,11637
11,11653
11,11678
11,11697
11,11743
11,11754
11,11761
11,11773
11,11778
11,11803
11,11819
11,11832
11,11847
11,11858
11,11864
11,11878
11,11915
11,11928
11,11943
11,12001
11,12007
11,12027
11,12030
11,12034
11,12036
11,12049
11,12084
11,12089
11,12119
11,12126
11,12184
11,12185
11,12199
11,12244
11,12256
11,12268
11,12278
11,12297
11,12309
11,12357
11,12403
11,12427
11,12433
11,12543
11,12556
11,12559
11,12569
11,12623
11,12627
11,12637
11,12651
11,12678
11,12683
11,12693
11,12721
11,12730
11,12737
11,12742
11,12772
11,12881
11,12911
11,12990
11,12992
11,13004
11,13027
11,13031
11,13038
11,13105
11,13107
11,13129
11,13147
11,13151
11,13163
11,13176
11,13177
11,13194
11,13206
11,13213
11,13246
11,13257
11,13262
11,13280
11,13292
11,13304
11,13343
11,13344
11,13356
11,13362
11,13376
11,13391
11,13440
11,13497
11,13573
11,13597
11,13611
11,13626
11,13660
11,13691
11,13693
11,13700
11,13733
11,13739
11,13748
11,13757
11,13829
11,13865
11,13877
11,13902
11,13906
11,13953
11,13977
11,13988
11,14014
11,14054
11,14070
11,14075
11,14082
11,14085
11,14096
11,14127
11,14135
11,14138
11,14160
11,14164
11,14172
11,14196
11,14212
11,14219
11,14248
11,14332
11,14335
11,14342
11,14366
11,14373
11,14401
11,14404
11,14416
11,14434
11,14446
11,14448
11,14468
11,14497
11,14498
11,14527
11,14554
11,14556
11,14566
11,14577
11,14625
11,14629
11,14669
11,14697
11,14743
11,14789
11,14791
11,14793
11,14810
11,14824
11,14838
11,14858
11,14859
11,14890
11,14892
11,14898
11,14924
11,14938
11,14957
11,14977
11,14983
11,15004
11,15087
11,15106
11,15159
11,15214
11,15217
11,15248
11,15258
11,15286
11,15314
11,15315
11,15316
11,15320
11,15333
11,15337
11,15362
11,15369
11,15374
11,15400
11,15442
11,15479
11,15502
11,15504
11,15515
11,15517
11,15530
11,15535
11,15537
11,15551
11,15567
11,15612
11,15615
11,15648
11,15661
11,15689
11,15704
11,15710
11,15741
11,15743
11,15774
11,15787
11,15788
11,15791
11,15799
11,15806
11,15809
11,15813
11,15832
11,15836
11,15847
11,15871
11,15889
11,15893
11,15894
11,15900
11,15926
11,15968
11,15970
11,16055
11,16066
11,16068
11,16188
11,16221
11,16231
11,16256
11,16295
11,16304
11,16313
11,16322
11,16325
11,16327
11,16337
11,16350
12,13
12,16
12,23
12,34
12,56
12,62
12,67
12,96
12,110
12,111
12,124
12,129
12,144
12,145
12,146
12,155
12,168
12,169
12,181
12,212
12,222
12,242
12,258
12,262
12,266
12,271
12,277
12,281
12,294
12,301
12,305
12,314
12,322
12,329
12,347
12,351
12,354
12,373
12,387
12,406
12,411
12,431
12,434
12,437
12,453
12,476
12,478
12,485
12,486
12,494
12,499
12,509
12,530
12,562
12,564
12,569
12,570
12,599
12,610
12,623
12,625
12,627
12,656
12,663
12,686
12,691
12,714
12,715
12,723
12,736
12,772
12,775
12,787
12,794
12,809
12,811
12,818
12,825
12,833
12,834
12,835
12,837
12,846
12,851
12,864
12,875
12,879
12,881
12,883
12,897
12,899
12,904
12,939
12,943
12,968
12,976
12,977
12,978
12,993
12,1007
12,1014
12,1030
12,1044
12,1051
12,1052
12,1059
12,1066
12,1085
12,1146
12,1159
12,1189
12,1206
12,1218
12,1224
12,1242
12,1252
12,1267
12,1274
12,1285
12,1325
12,1343
12,1363
12,1383
12,1388
12,1393
12,1394
12,1395
12,1397
12,1398
12,1405
12,1411
12,1429
12,1433
12,1442
12,1447
12,1470
12,1480
12,1488
12,1502
12,1519
12,1523
12,1536
12,1542
12,1544
12,1547
12,1550
12,1555
12,1558
12,1564
12,1595
12,1605
12,1621
12,1627
12,1651
12,1655
12,1697
12,1699
12,1726
12,1731
12,1743
12,1748
12,1767
12,1768
12,1778
12,1781
12,1784
12,1794
12,1795
12,1810
12,1819
12,1848
12,1852
12,1856
12,1865
12,1867
12,1870
12,1896
12,1897
12,1937
12,1942
12,1988
12,2006
12,2007
12,2023
12,2036
12,2038
12,2045
12,2053
12,2056
12,2075
12,2112
12,2115
12,2118
12,2140
12,2141
12,2145
12,2148
12,2157
12,2167
12,2169
12,2171
12,2176
12,2182
12,2193
12,2195
12,2220
12,2224
12,2254
12,2269
12,2271
12,2276
12,2280
12,2295
12,2320
12,2335
12,2355
12,2364
12,2400
12,2402
12,2408
12,2424
12,2430
12,2439
12,2448
12,2469
12,2489
12,2498
12,2545
12,2547
12,2553
12,2556
12,2567
12,2586
12,2589
12,2602
12,2616
12,2629
12,2645
12,2670
12,2672
12,2674
12,2676
12,2681
12,2710
12,2713
12,2723
12,2732
12,2737
12,2744
12,2759
12,2767
12,2770
12,2773
12,2779
12,2792
12,2846
12,2886
12,2890
12,2935
12,2938
12,2948
12,2970
12,2975
12,3009
12,3011
12,3014
12,3041
12,3078
12,3079
12,3084
12,3110
12,3113
12,3115
12,3122
12,3135
12,3141
12,3154
12,3158
12,3167
12,3177
12,3189
12,3196
12,3203
12,3212
12,3225
12,3247
12,3270
12,3288
12,3294
12,3301
12,3308
12,3315
12,3331
12,3335
12,3354
12,3358
12,3359
12,3387
12,3389
12,3391
12,3397
12,3407
12,3408
12,3427
12,3446
12,3455
12,3465
12,3471
12,3475
12,3499
12,3510
12,3525
12,3534
12,3546
12,3565
12,3574
12,3580
12,3582
12,3583
12,3584
12,3587
12,3608
12,3611
12,3615
12,3638
12,3653
12,3663
12,3683
12,3686
12,3695
12,3718
12,3741
12,3749
12,3763
12,3776
12,3798
12,3821
12,3822
12,3831
12,3842
12,3858
12,3870
12,3883
12,3886
12,3898
12,3899
12,3908
12,3936
12,3949
12,3953
12,3970
12,3978
12,3990
12,3994
12,3996
12,3998
12,4005
12,4010
12,4023
12,4047
12,4094
12,4107
12,4120
12,4139
12,4258
12,4264
12,4271
12,4273
12,4281
12,4294
12,4302
12,4303
12,4315
12,4318
12,4329
12,4333
12,4340
12,4341
12,4376
12,4391
12,4408
12,4429
12,4440
12,4468
12,4469
12,4483
12,4527
12,4542
12,4544
12,4545
12,4550
12,4556
12,4559
12,4569
12,4590
12,4596
12,4601
12,4602
12,4604
12,4605
12,4625
12,4644
12,4656
12,4699
12,4719
12,4732
12,4740
12,4742
12,4760
12,4762
12,4764
12,4770
12,4787
12,4789
12,4809
12,4821
12,4825
12,4830
12,4841
12,4855
12,4869
12,4872
12,4903
12,4926
12,4930
12,4948
12,4960
12,4962
12,4975
12,4978
12,4981
12,4990
12,5011
12,5018
12,5026
12,5049
12,5053
12,5077
12,5085
12,5098
12,5105
12,5113
12,5137
12,5140
12,5144
12,5161
12,5171
12,5179
12,5212
12,5230
12,5239
12,5240
12,5260
12,5267
12,5283
12,5291
12,5309
12,5311
12,5338
12,5348
12,5356
12,5358
12,5366
12,5384
12,5392
12,5405
12,5455
12,5462
12,5494
12,5497
12,5526
12,5544
12,5565
12,5567
12,5584
12,5597
12,5613
12,5614
12,5629
12,5639
12,5645
12,5659
12,5717
12,5724
12,5733
12,5736
12,5760
12,5769
12,5783
12,5801
12,5806
12,5820
12,5841
12,5843
12,5846
12,5848
12,5850
12,5892
12,5902
12,5927
12,5935
12,5947
12,5951
12,5952
12,5959
12,5980
12,5998
12,6002
12,6024
12,6040
12,6041
12,6042
12,6048
12,6050
12,6054
12,6055
12,6060
12,6073
12,6110
12,6122
12,6136
12,6161
12,6175
12,6189
12,6195
12,6206
12,6210
12,6218
12,6246
12,6247
12,6251
12,6252
12,6255
12,6261
12,6270
12,6279
12,6293
12,6297
12,6304
12,6318
12,6320
12,6339
12,6352
12,6354
12,6362
12,6371
12,6372
12,6394
12,6399
12,6400
12,6406
12,6407
12,6425
12,6430
12,6432
12,6433
12,6450
12,6478
12,6494
12,6504
12,6531
12,6546
12,6548
12,6551
12,6555
12,6558
12,6562
12,6583
12,6586
12,6607
12,6639
12,6649
12,6673
12,6700
12,6709
12,6727
12,6742
12,6754
12,6778
12,6780
12,6803
12,6820
12,6824
12,6826
12,6837
12,6850
12,6867
12,6898
12,6903
12,6909
12,6935
12,6939
12,6953
12,6992
12,7007
12,7011
12,7013
12,7025
12,7027
12,7035
12,7047
12,7079
12,7093
12,7115
12,7122
12,7163
12,7187
12,7191
12,7223
12,7249
12,7261
12,7264
12,7266
12,7268
12,7275
12,7288
12,7295
12,7300
12,7302
12,7303
12,7349
12,7365
12,7376
12,7404
12,7410
12,7414
12,7418
12,7438
12,7439
12,7443
12,7447
12,7452
12,7467
12,7478
12,7484
12,7485
12,7487
12,7494
12,7521
12,7535
12,7536
12,7546
12,7547
12,7592
12,7593
12,7613
12,7614
12,7628
12,7644
12,7645
12,7666
12,7669
12,7678
12,7708
12,7731
12,7779
12,7802
12,7811
12,7815
12,7818
12,7834
12,7835
12,7840
12,7853
12,7883
12,7898
12,7899
12,7901
12,7903
12,7904
12,7914
12,7920
12,7931
12,7960
12,7970
12,8001
12,8016
12,8026
12,8035
12,8047
12,8056
12,8070
12,8077
12,8086
12,8102
12,8107
12,8122
12,8129
12,8132
12,8143
12,8164
12,8177
12,8208
12,8222
12,8244
12,8266
12,8271
12,8282
12,8285
12,8293
12,8294
12,8309
12,8330
12,8368
12,8398
12,8403
12,8408
12,8422
12,8428
12,8430
12,8439
12,8445
12,8447
12,8453
12,8454
12,8464
12,8492
12,8502
12,8503
12,8516
12,8519
12,8538
12,8539
12,8561
12,8578
12,8587
12,8588
12,8592
12,8600
12,8601
12,8605
12,8618
12,8620
12,8624
12,8652
12,8653
12,8677
12,8679
12,8685
12,8692
12,8693
12,8695
12,8700
12,8722
12,8728
12,8764
12,8772
12,8787
12,8818
12,8853
12,8854
12,8858
12,8871
12,8875
12,8880
12,8906
12,8912
12,8942
12,8966
12,8980
12,9005
12,9006
12,9012
12,9029
12,9049
12,9050
12,9054
12,9060
12,9069
12,9076
12,9079
12,9088
12,9092
12,9119
12,9124
12,9145
12,9200
12,9201
12,9220
12,9236
12,9246
12,9252
12,9281
12,9291
12,9299
12,9358
12,9375
12,9382
12,9393
12,9394
12,9409
12,9416
12,9429
12,9432
12,9438
12,9439
12,9441
12,9446
12,9452
12,9454
12,9455
12,9457
12,9461
12,9500
12,9507
12,9508
12,9511
12,9518
12,9532
12,9536
12,9542
12,9563
12,9566
12,9574
12,9592
12,9600
12,9606
12,9616
12,9617
12,9624
12,9629
12,9632
12,9657
12,9667
12,9676
12,9684
12,9700
12,9703
12,9707
12,9710
12,9727
12,9771
12,9786
12,9794
12,9797
12,9801
12,9805
12,9834
12,9853
12,9861
12,9864
12,9867
12,9871
12,9880
12,9884
12,9910
12,9925
12,9945
12,9946
12,9957
12,9981
12,10001
12,10002
12,10011
12,10019
12,10029
12,10030
12,10035
12,10040
12,10045
12,10073
12,10131
12,10151
12,10166
12,10171
12,10172
12,10179
12,10197
12,10204
12,10247
12,10257
12,10262
12,10264
12,10268
12,10282
12,10283
12,10291
12,10312
12,10322
12,10330
12,10338
12,10349
12,10354
12,10355
12,10359
12,10370
12,10376
12,10382
12,10395
12,10396
12,10401
12,10402
12,10442
12,10468
12,10481
12,10485
12,10499
12,10511
12,10514
12,10523
12,10541
12,10549
12,10555
12,10574
12,10591
12,10596
12,10597
12,10610
12,10623
12,10651
12,10677
12,10689
12,10720
12,10729
12,10776
12,10779
12,10791
12,10797
12,10798
12,10809
12,10823
12,10828
12,10833
12,10860
12,10878
12,10881
12,10882
12,10889
12,10902
12,10905
12,10925
12,10937
12,10956
12,10965
12,10988
12,11010
12,11015
12,11016
12,11022
12,11031
12,11036
12,11037
12,11048
12,11056
12,11090
12,11097
12,11108
12,11128
12,11143
12,11193
12,11202
12,11206
12,11209
12,11217
12,11219
12,11223
12,11239
12,11246
12,11254
12,11255
12,11258
12,11271
12,11292
12,11355
12,11357
12,11360
12,11365
12,11368
12,11401
12,11418
12,11419
12,11446
12,11487
12,11504
12,11509
12,11528
12,11538
12,11543
12,11550
12,11562
12,11581
12,11596
12,11602
12,11607
12,11608
12,11611
12,11615
12,11620
12,11621
12,11626
12,11631
12,11648
12,11679
12,11691
12,11754
12,11755
12,11766
12,11775
12,11778
12,11785
12,11791
12,11796
12,11805
12,11806
12,11826
12,11829
12,11832
12,11834
12,11837
12,11889
12,11891
12,11908
12,11912
12,11922
12,11934
12,11939
12,11965
12,11974
12,11978
12,11991
12,12036
12,12041
12,12042
12,12059
12,12061
12,12069
12,12081
12,12092
12,12100
12,12127
12,12142
12,12143
12,12148
12,12149
12,12151
12,12158
12,12168
12,12183
12,12188
12,12194
12,12208
12,12212
12,12218
12,12258
12,12261
12,12269
12,12274
12,12291
12,12293
12,12296
12,12297
12,12300
12,12313
12,12322
12,12332
12,12338
12,12348
12,12369
12,12383
12,12413
12,12429
12,12435
12,12437
12,12442
12,12463
12,12478
12,12500
12,12510
12,12519
12,12524
12,12530
12,12545
12,12552
12,12555
12,12572
12,12575
12,12587
12,12598
12,12601
12,12655
12,12662
12,12667
12,12670
12,12702
12,12704
12,12714
12,12731
12,12732
12,12739
12,12746
12,12749
12,12754
12,12765
12,12780
12,12784
12,12787
12,12807
12,12858
12,12880
12,12882
12,12901
12,12905
12,12910
12,12913
12,12945
12,12948
12,12949
12,12989
12,13014
12,13036
12,13038
12,13044
12,13050
12,13054
12,13059
12,13089
12,13090
12,13108
12,13116
12,13124
12,13133
12,13137
12,13154
12,13157
12,13162
12,13167
12,13169
12,13171
12,13183
12,13213
12,13220
12,13232
12,13234
12,13250
12,13266
12,13276
12,13277
12,13286
12,13294
12,13306
12,13335
12,13344
12,13348
12,13355
12,13370
12,13403
12,13419
12,13424
12,13425
12,13430
12,13434
12,13470
12,13472
12,13475
12,13476
12,13484
12,13497
12,13509
12,13513
12,13519
12,13550
12,13556
12,13587
12,13590
12,13601
12,13604
12,13619
12,13629
12,13632
12,13634
12,13635
12,13636
12,13648
12,13659
12,13686
12,13690
12,13694
12,13711
12,13730
12,13756
12,13805
12,13818
12,13819
12,13830
12,13835
12,13836
12,13841
12,13848
12,13854
12,13859
12,13867
12,13872
12,13874
12,13876
12,13890
12,13896
12,13903
12,13906
12,13913
12,13915
12,13952
12,13963
12,14024
12,14029
12,14036
12,14056
12,14060
12,14065
12,14070
12,14077
12,14095
12,14107
12,14125
12,14134
12,14136
12,14145
12,14154
12,14161
12,14179
12,14190
12,14215
12,14223
12,14229
12,14248
12,14252
12,14254
12,14258
12,14286
12,14292
12,14297
12,14313
12,14315
12,14318
12,14319
12,14342
12,14347
12,14353
12,14366
12,14386
12,14391
12,14392
12,14403
12,14414
12,14419
12,14420
12,14429
12,14464
12,14466
12,14494
12,14497
12,14510
12,14515
12,14518
12,14523
12,14557
12,14561
12,14575
12,14580
12,14587
12,14589
12,14596
12,14604
12,14615
12,14638
12,14645
12,14680
12,14681
12,14684
12,14700
12,14722
12,14736
12,14747
12,14759
12,14801
12,14803
12,14804
12,14810
12,14830
12,14852
12,14861
12,14890
12,14894
12,14922
12,14936
12,14950
12,15000
12,15043
12,15045
12,15053
12,15056
12,15082
12,15092
12,15104
12,15148
12,15158
12,15174
12,15178
12,15196
12,15205
12,15208
12,15215
12,15220
12,15244
12,15247
12,15273
12,15282
12,15286
12,15287
12,15289
12,15296
12,15301
12,15319
12,15331
12,15354
12,15355
12,15402
12,15416
12,15418
12,15424
12,15432
12,15437
12,15444
12,15447
12,15448
12,15478
12,15479
12,15489
12,15496
12,15503
12,15514
12,15516
12,15517
12,15540
12,15545
12,15550
12,15553
12,15584
12,15591
12,15592
12,15601
12,15613
12,15618
12,15629
12,15632
12,15638
12,15640
12,15649
12,15651
12,15670
12,15672
12,15728
12,15754
12,15772
12,15783
12,15793
12,15818
12,15821
12,15836
12,15858
12,15887
12,15907
12,15908
12,15921
12,15934
12,15946
12,15953
12,15958
12,15959
12,15970
12,16011
12,16020
12,16025
12,16027
12,16058
12,16065
12,16075
12,16078
12,16088
12,16108
12,16109
12,16128
12,16131
12,16141
12,16151
12,16153
12,16158
12,16169
12,16189
12,16213
12,16217
12,16232
12,16236
12,16240
12,16251
12,16255
12,16268
12,16272
12,16284
12,16294
12,16309
12,16330
12,16342
12,16350
12,16371
12,16374
12,16377
13,0
13,1
13,7
13,20
13,25
13,27
13,35
13,38
13,42
13,62
13,76
13,91
13,92
13,131
13,152
13,160
13,177
13,189
13,193
13,218
13,234
13,272
13,295
13,302
13,311
13,315
13,332
13,346
13,357
13,372
13,435
13,452
13,502
13,563
13,565
13,578
13,594
13,605
13,715
13,726
13,727
13,729
13,761
13,804
13,829
13,833
13,864
13,869
13,873
13,913
13,946
13,950
13,996
13,1039
13,1167
13,1195
13,1208
13,1220
13,1225
13,1238
13,1296
13,1303
13,1320
13,1350
13,1357
13,1362
13,1395
13,1410
13,1419
13,1439
13,1466
13,1472
13,1484
13,1502
13,1507
13,1512
13,1521
13,1529
13,1537
13,1552
13,1609
13,1627
13,1663
13,1681
13,1721
13,1734
13,1775
13,1798
13,1812
13,1814
13,1830
13,1858
13,1883
13,1910
13,1919
13,1930
13,1954
13,1955
13,1991
13,1992
13,1995
13,2003
13,2007
13,2027
13,2045
13,2065
13,2078
13,2109
13,2123
13,2166
13,2188
13,2214
13,2280
13,2283
13,2294
13,2316
13,2323
13,2325
13,2331
13,2372
13,2388
13,2425
13,2427
13,2429
13,2458
13,2477
13,2498
13,2523
13,2545
13,2549
13,2557
13,2563
13,2614
13,2622
13,2672
13,2677
13,2708
13,2721
13,2724
13,2757
13,2766
13,2788
13,2843
13,2850
13,2856
13,2874
13,2882
13,2909
13,2959
13,2968
13,2978
13,2979
13,2980
13,2999
13,3038
13,3045
13,3065
13,3099
13,3107
13,3120
13,3135
13,3183
13,3202
13,3210
13,3222
13,3230
13,3239
13,3244
13,3263
13,3307
13,3315
13,3333
13,3344
13,3379
13,3383
13,3394
13,3418
13,3429
13,3458
13,3512
13,3538
13,3551
13,3613
13,3629
13,3639
13,3650
13,3679
13,3704
13,3714
13,3731
13,3763
13,3768
13,3783
13,3795
13,3796
13,3823
13,3829
13,3887
13,3906
13,3935
13,3968
13,4007
13,4015
13,4018
13,4019
13,4106
13,4129
13,4294
13,4321
13,4343
13,4378
13,4404
13,4439
13,4458
13,4486
13,4499
13,4533
13,4539
13,4555
13,4565
13,4601
13,4608
13,4618
13,4642
13,4653
13,4661
13,4681
13,4689
13,4699
13,4733
13,4772
13,4807
13,4810
13,4832
13,4837
13,4839
13,4860
13,4862
13,4886
13,4908
13,4924
13,4930
13,4953
13,4959
13,5009
13,5017
13,5034
13,5048
13,5133
13,5135
13,5143
13,5148
13,5190
13,5199
13,5200
13,5205
13,5207
13,5208
13,5212
13,5221
13,5226
13,5253
13,5270
13,5293
13,5306
13,5343
13,5344
13,5367
13,5370
13,5390
13,5403
13,5417
13,5426
13,5427
13,5432
13,5433
13,5437
13,5444
13,5470
13,5486
13,5496
13,5524
13,5528
13,5548
13,5552
13,5572
13,5580
13,5582
13,5595
13,5609
13,5631
13,5646
13,5678
13,5702
13,5722
13,5750
13,5768
13,5851
13,5853
13,5855
13,5918
13,5928
13,5929
13,5955
13,5958
13,6022
13,6027
13,6070
13,6133
13,6137
13,6184
13,6201
13,6207
13,6220
13,6233
13,6234
13,6236
13,6254
13,6262
13,6287
13,6296
13,6304
13,6334
13,6345
13,6364
13,6395
13,6471
13,6504
13,6513
13,6515
13,6516
13,6546
13,6578
13,6599
13,6601
13,6631
13,6635
13,6661
13,6670
13,6680
13,6711
13,6715
13,6741
13,6755
13,6757
13,6769
13,6788
13,6846
13,6859
13,6879
13,6898
13,6933
13,6945
13,6957
13,6962
13,6965
13,6991
13,7041
13,7053
13,7071
13,7098
13,7102
13,7105
13,7125
13,7135
13,7149
13,7169
13,7186
13,7189
13,7199
13,7209
13,7218
13,7265
13,7299
13,7310
13,7339
13,7346
13,7348
13,7360
13,7363
13,7392
13,7425
13,7451
13,7452
13,7453
13,7467
13,7471
13,7515
13,7540
13,7665
13,7724
13,7733
13,7740
13,7747
13,7865
13,7872
13,7896
13,7899
13,7909
13,7912
13,7920
13,7939
13,7967
13,7983
13,7985
13,8004
13,8021
13,8044
13,8092
13,8190
13,8199
13,8206
13,8267
13,8276
13,8312
13,8330
13,8339
13,8345
13,8391
13,8416
13,8420
13,8425
13,8457
13,8483
13,8525
13,8542
13,8546
13,8566
13,8596
13,8620
13,8629
13,8649
13,8703
13,8742
13,8767
13,8772
13,8782
13,8800
13,8806
13,8854
13,8872
13,8919
13,8927
13,8937
13,8944
13,8970
13,8977
13,9004
13,9024
13,9034
13,9067
13,9075
13,9135
13,9163
13,9173
13,9183
13,9184
13,9204
13,9231
13,9239
13,9247
13,9254
13,9267
13,9268
13,9310
13,9323
13,9325
13,9350
13,9359
13,9372
13,9373
13,9385
13,9411
13,9506
13,9546
13,9557
13,9563
13,9621
13,9640
13,9649
13,9679
13,9729
13,9732
13,9737
13,9752
13,9761
13,9824
13,9849
13,9878
13,9886
13,9894
13,9900
13,9901
13,9905
13,9920
13,9921
13,9932
13,9946
13,9975
13,9998
13,10016
13,10032
13,10035
13,10038
13,10073
13,10085
13,10089
13,10100
13,10106
13,10141
13,10154
13,10164
13,10182
13,10192
13,10207
13,10220
13,10256
13,10259
13,10315
13,10357
13,10389
13,10428
13,10449
13,10452
13,10462
13,10490
13,10503
13,10512
13,10516
13,10518
13,10522
13,10551
13,10584
13,10586
13,10596
13,10601
13,10604
13,10677
13,10680
13,10701
13,10722
13,10742
13,10743
13,10774
13,10782
13,10785
13,10788
13,10796
13,10803
13,10819
13,10824
13,10832
13,10843
13,10852
13,10860
13,10879
13,10882
13,10910
13,10911
13,10935
13,10956
13,10966
13,10968
13,10980
13,10994
13,11024
13,11031
13,11050
13,11062
13,11063
13,11077
13,11097
13,11118
13,11142
13,11168
13,11210
13,11227
13,11236
13,11263
13,11282
13,11303
13,11322
13,11349
13,11351
13,11394
13,11397
13,11422
13,11440
13,11480
13,11488
13,11495
13,11521
13,11524
13,11525
13,11527
13,11532
13,11533
13,11536
13,11542
13,11603
13,11636
13,11662
13,11767
13,11785
13,11819
13,11831
13,11862
13,11866
13,11882
13,11889
13,11937
13,11948
13,11951
13,11972
13,12017
13,12031
13,12037
13,12059
13,12071
13,12076
13,12106
13,12133
13,12134
13,12156
13,12169
13,12212
13,12246
13,12248
13,12260
13,12278
13,12296
13,12346
13,12360
13,12367
13,12378
13,12408
13,12426
13,12448
13,12465
13,12469
13,12473
13,12485
13,12519
13,12521
13,12584
13,12587
13,12608
13,12610
13,12666
13,12751
13,12764
13,12799
13,12855
13,12867
13,12920
13,12945
13,12948
13,12953
13,12963
13,12964
13,12973
13,13002
13,13010
13,13021
13,13023
13,13031
13,13042
13,13090
13,13180
13,13225
13,13254
13,13261
13,13319
13,13323
13,13326
13,13361
13,13381
13,13387
13,13391
13,13421
13,13429
13,13443
13,13459
13,13496
13,13500
13,13531
13,13548
13,13557
13,13574
13,13597
13,13619
13,13655
13,13674
13,13680
13,13694
13,13703
13,13740
13,13790
13,13794
13,13817
13,13850
13,13879
13,13899
13,13949
13,13960
13,13969
13,14044
13,14072
13,14112
13,14160
13,14199
13,14212
13,14213
13,14242
13,14243
13,14265
13,14306
13,14328
13,14342
13,14352
13,14356
13,14358
13,14363
13,14390
13,14410
13,14439
13,14453
13,14479
13,14492
13,14530
13,14552
13,14570
13,14587
13,14670
13,14688
13,14693
13,14710
13,14712
13,14732
13,14741
13,14782
13,14837
13,14850
13,14854
13,14858
13,14908
13,14985
13,14997
13,14999
13,15038
13,15053
13,15101
13,15120
13,15131
13,15136
13,15145
13,15151
13,15162
13,15163
13,15179
13,15190
13,15201
13,15219
13,15233
13,15254
13,15285
13,15302
13,15322
13,15330
13,15344
13,15395
13,15398
13,15416
13,15433
13,15437
13,15446
13,15466
13,15547
13,15570
13,15594
13,15606
13,15610
13,15629
13,15642
13,15673
13,15681
13,15726
13,15727
13,15821
13,15840
13,15856
13,15897
13,15913
13,15916
13,15919
13,15932
13,15934
13,15951
13,15959
13,15984
13,16021
13,16054
13,16059
13,16068
13,16103
13,16112
13,16130
13,16172
13,16188
13,16192
13,16194
13,16203
13,16219
13,16247
13,16248
13,16278
13,16302
13,16305
13,16324
13,16325
13,16333
13,16340
13,16380
14,41
14,70
14,102
14,121
14,123
14,128
14,147
14,150
14,226
14,245
14,320
14,338
14,376
14,382
14,426
14,427
14,489
14,529
14,549
14,557
14,570
14,603
14,631
14,651
14,662
14,669
14,677
14,682
14,689
14,717
14,722
14,732
14,764
14,783
14,823
14,857
14,863
14,884
14,889
14,951
14,971
14,987
14,1009
14,1010
14,1027
14,1074
14,1115
14,1129
14,1136
14,1213
14,1230
14,1234
14,1264
14,1295
14,1331
14,1368
14,1436
14,1448
14,1464
14,1472
14,1555
14,1575
14,1590
14,1594
14,1612
14,1616
14,1620
14,1631
14,1658
14,1750
14,1809
14,1814
14,1909
14,1970
14,2011
14,2026
14,2044
14,2063
14,2094
14,2149
14,2156
14,2209
14,2212
14,2216
14,2266
14,2282
14,2300
14,2307
14,2312
14,2318
14,2360
14,2383
14,2460
14,2475
14,2482
14,2488
14,2556
14,2561
14,2588
14,2638
14,2666
14,2684
14,2692
14,2700
14,2753
14,2768
14,2878
14,2883
14,2927
14,2938
14,2941
14,3076
14,3081
14,3102
14,3122
14,3169
14,3174
14,3189
14,3234
14,3279
14,3290
14,3304
14,3317
14,3318
14,3352
14,3355
14,3360
14,3370
14,3389
14,3395
14,3401
14,3427
14,3448
14,3451
14,3480
14,3485
14,3491
14,3576
14,3604
14,3756
14,3798
14,3812
14,3820
14,3839
14,3841
14,3881
14,3944
14,3963
14,3982
14,4015
14,4022
14,4070
14,4074
14,4114
14,4128
14,4145
14,4193
14,4234
14,4280
14,4344
14,4348
14,4407
14,4430
14,4436
14,4458
14,4495
14,4554
14,4587
14,4626
14,4650
14,4672
14,4680
14,4683
14,4717
14,4724
14,4746
14,4792
14,4801
14,4811
14,4841
14,4843
14,4854
14,4904
14,4960
14,5055
14,5141
14,5146
14,5153
14,5157
14,5192
14,5230
14,5232
14,5240
14,5251
14,5270
14,5284
14,5323
14,5332
14,5339
14,5356
14,5384
14,5415
14,5416
14,5484
14,5492
14,5495
14,5504
14,5508
14,5509
14,5524
14,5539
14,5570
14,5605
14,5657
14,5690
14,5748
14,5772
14,5802
14,5814
14,5840
14,5928
14,5948
14,5960
14,5990
14,6078
14,6107
14,6147
14,6157
14,6176
14,6209
14,6210
14,6224
14,6225
14,6228
14,6232
14,6244
14,6254
14,6297
14,6329
14,6364
14,6365
14,6385
14,6390
14,6400
14,6432
14,6448
14,6474
14,6476
14,6514
14,6585
14,6606
14,6616
14,6621
14,6665
14,6669
14,6678
14,6719
14,6743
14,6752
14,6759
14,6840
14,6864
14,6891
14,6900
14,6934
14,6953
14,6969
14,6991
14,7001
14,7052
14,7087
14,7099
14,7124
14,7140
14,7199
14,7220
14,7239
14,7312
14,7327
14,7346
14,7354
14,7392
14,7403
14,7411
14,7458
14,7484
14,7520
14,7524
14,7564
14,7570
14,7712
14,7722
14,7844
14,7870
14,7875
14,7910
14,7968
14,7989
14,8000
14,8010
14,8020
14,8034
14,8047
14,8063
14,8092
14,8186
14,8219
14,8233
14,8280
14,8297
14,8370
14,8394
14,8400
14,8424
14,8471
14,8524
14,8534
14,8536
14,8569
14,8603
14,8616
14,8625
14,8638
14,8699
14,8714
14,8726
14,8737
14,8775
14,8784
14,8895
14,8954
14,8958
14,8962
14,8985
14,9001
14,9007
14,9031
14,9082
14,9104
14,9121
14,9128
14,9155
14,9164
14,9166
14,9173
14,9179
14,9205
14,9234
14,9236
14,9322
14,9365
14,9385
14,9388
14,9457
14,9486
14,9492
14,9552
14,9554
14,9557
14,9558
14,9587
14,9603
14,9632
14,9649
14,9664
14,9672
14,9719
14,9752
14,9802
14,9813
14,9831
14,9870
14,9890
14,9891
14,9920
14,9921
14,9931
14,9940
14,9956
14,9957
14,9968
14,9979
14,9986
14,9995
14,10032
14,10051
14,10088
14,10091
14,10175
14,10260
14,10267
14,10269
14,10271
14,10292
14,10337
14,10338
14,10339
14,10374
14,10395
14,10398
14,10422
14,10431
14,10449
14,10457
14,10504
14,10522
14,10556
14,10655
14,10698
14,10705
14,10734
14,10736
14,10741
14,10800
14,10812
14,10891
14,10900
14,10905
14,10911
14,10919
14,10924
14,10972
14,10992
14,11013
14,11057
14,11079
14,11081
14,11148
14,11167
14,11179
14,11181
14,11193
14,11217
14,11234
14,11260
14,11340
14,11380
14,11411
14,11426
14,11435
14,11443
14,11547
14,11554
14,11564
14,11572
14,11576
14,11581
14,11591
14,11616
14,11626
14,11657
14,11664
14,11665
14,11699
14,11714
14,11750
14,11754
14,11793
14,11806
14,11812
14,11815
14,11848
14,11864
14,11934
14,11971
14,11984
14,11991
14,12012
14,12014
14,12017
14,12074
14,12132
14,12146
14,12234
14,12244
14,12245
14,12253
14,12261
14,12262
14,12312
14,12320
14,12322
14,12407
14,12457
14,12458
14,12460
14,12464
14,12560
14,12582
14,12590
14,12593
14,12607
14,12625
14,12673
14,12674
14,12689
14,12713
14,12715
14,12719
14,12734
14,12754
14,12833
14,12843
14,12858
14,12885
14,12924
14,12951
14,12955
14,12957
14,12965
14,13043
14,13050
14,13066
14,13095
14,13101
14,13108
14,13139
14,13146
14,13164
14,13166
14,13179
14,13220
14,13223
14,13247
14,13249
14,13261
14,13282
14,13294
14,13316
14,13419
14,13466
14,13467
14,13470
14,13503
14,13513
14,13520
14,13571
14,13631
14,13663
14,13670
14,13721
14,13750
14,13753
14,13810
14,13833
14,13873
14,13921
14,13934
14,13978
14,14003
14,14015
14,14024
14,14031
14,14043
14,14061
14,14094
14,14110
14,14167
14,14176
14,14191
14,14199
14,14201
14,14215
14,14232
14,14256
14,14276
14,14305
14,14322
14,14330
14,14339
14,14342
14,14344
14,14386
14,14393
14,14436
14,14446
14,14468
14,14477
14,14520
14,14533
14,14576
14,14623
14,14661
14,14663
14,14739
14,14762
14,14788
14,14878
14,14922
14,14929
14,14950
14,14966
14,14983
14,14986
14,15021
14,15038
14,15077
14,15090
14,15097
14,15166
14,15213
14,15222
14,15239
14,15257
14,15324
14,15338
14,15364
14,15388
14,15424
14,15433
14,15440
14,15453
14,15464
14,15468
14,15485
14,15490
14,15496
14,15572
14,15616
14,15631
14,15634
14,15642
14,15655
14,15677
14,15712
14,15756
14,15774
14,15777
14,15787
14,15859
14,15860
14,15898
14,15924
14,15948
14,15980
14,15982
14,16020
14,16053
14,16075
14,16076
14,16077
14,16086
14,16108
14,16113
14,16129
14,16133
14,16134
14,16145
14,16153
14,16177
14,16229
14,16300
14,16310
14,16332
14,16338
14,16346
14,16372
14,16377
15,81
15,114
15,150
15,153
15,164
15,185
15,220
15,329
15,388
15,451
15,459
15,477
15,664
15,669
15,698
15,867
15,909
15,910
15,930
15,991
15,1038
15,1057
15,1098
15,1186
15,1202
15,1206
15,1281
15,1383
15,1412
15,1465
15,1480
15,1513
15,1518
15,1534
15,1690
15,1698
15,1827
15,1873
15,1891
15,1912
15,1925
15,1978
15,1987
15,2006
15,2012
15,2033
15,2045
15,2082
15,2094
15,2110
15,2135
15,2197
15,2227
15,2288
15,2356
15,2418
15,2448
15,2451
15,2506
15,2515
15,2530
15,2543
15,2578
15,2616
15,2650
15,2657
15,2671
15,2672
15,2696
15,2723
15,2764
15,2831
15,2848
15,2851
15,2860
15,2882
15,2929
15,2978
15,2997
15,3020
15,3071
15,3106
15,3128
15,3131
15,3174
15,3208
15,3222
15,3255
15,3283
15,3339
15,3362
15,3401
15,3404
15,3417
15,3455
15,3468
15,3494
15,3531
15,3532
15,3542
15,3601
15,3677
15,3703
15,3760
15,3778
15,3812
15,3858
15,3917
15,3935
15,4102
15,4186
15,4240
15,4352
15,4384
15,4426
15,4489
15,4510
15,4538
15,4605
15,4610
15,4694
15,4733
15,4822
15,4843
15,4876
15,4879
15,4924
15,5021
15,5041
15,5049
15,5054
15,5074
15,5126
15,5207
15,5245
15,5266
15,5287
15,5329
15,5392
15,5436
15,5459
15,5517
15,5557
15,5587
15,5589
15,5745
15,5746
15,5761
15,5766
15,5798
15,5801
15,5843
15,5991
15,6020
15,6026
15,6047
15,6066
15,6078
15,6079
15,6125
15,6127
15,6166
15,6220
15,6225
15,6347
15,6374
15,6409
15,6422
15,6424
15,6445
15,6468
15,6472
15,6629
15,6632
15,6678
15,6680
15,6688
15,6721
15,6765
15,6783
15,6808
15,6812
15,6875
15,6888
15,6944
15,6981
15,7000
15,7035
15,7044
15,7064
15,7096
15,7097
15,7107
15,7205
15,7219
15,7229
15,7382
15,7405
15,7434
15,7447
15,7457
15,7458
15,7469
15,7567
15,7674
15,7695
15,7713
15,7716
15,7777
15,7789
15,7792
15,7802
15,7817
15,7822
15,7841
15,7910
15,7948
15,7949
15,7957
15,8066
15,8128
15,8253
15,8314
15,8365
15,8385
15,8599
15,8658
15,8674
15,8708
15,8714
15,8739
15,8761
15,8781
15,8795
15,8867
15,8868
15,8875
15,8876
15,8889
15,8901
15,8918
15,8929
15,8945
15,8948
15,8972
15,9086
15,9110
15,9119
15,9155
15,9173
15,9210
15,9224
15,9225
15,9274
15,9291
15,9308
15,9317
15,9329
15,9353
15,9359
15,9388
15,9466
15,9475
15,9533
15,9545
15,9557
15,9602
15,9653
15,9678
15,9708
15,9725
15,9742
15,9784
15,9838
15,9871
15,9942
15,9963
15,10024
15,10101
15,10123
15,10166
15,10193
15,10209
15,10348
15,10364
15,10443
15,10486
15,10523
15,10532
15,10590
15,10671
15,10738
15,10774
15,10840
15,10852
15,10883
15,10900
15,10942
15,10946
15,11052
15,11145
15,11175
15,11182
15,11220
15,11264
15,11272
15,11333
15,11387
15,11427
15,11457
15,11542
15,11551
15,11552
15,11561
15,11567
15,11662
15,11737
15,11813
15,11840
15,11845
15,11902
15,11943
15,11956
15,11968
15,12086
15,12104
15,12130
15,12186
15,12286
15,12287
15,12312
15,12470
15,12527
15,12556
15,12589
15,12593
15,12708
15,12742
15,12756
15,12814
15,12889
15,12922
15,12951
15,12952
15,12957
15,12964
15,12973
15,13044
15,13058
15,13105
15,13173
15,13189
15,13263
15,13353
15,13485
15,13498
15,13540
15,13604
15,13630
15,13676
15,13711
15,13739
15,13766
15,13782
15,13796
15,13803
15,13831
15,13852
15,13876
15,13879
15,13910
15,14049
15,14060
15,14100
15,14166
15,14219
15,14234
15,14247
15,14361
15,14376
15,14412
15,14420
15,14441
15,14484
15,14573
15,14622
15,14641
15,14654
15,14659
15,14704
15,14879
15,15063
15,15181
15,15185
15,15238
15,15258
15,15266
15,15271
15,15349
15,15370
15,15437
15,15520
15,15531
15,15574
15,15588
15,15664
15,15693
15,15734
15,15742
15,15756
15,15790
15,15846
15,15854
15,15971
15,16028
15,16037
15,16057
15,16131
15,16172
15,16176
15,16181
15,16226
15,16280
15,16382
16,57
16,140
16,184
16,267
16,284
16,355
16,361
16,402
16,441
16,481
16,501
16,640
16,646
16,660
16,720
16,786
16,823
16,847
16,865
16,899
16,945
16,966
16,987
16,988
16,1195
16,1299
16,1311
16,1357
16,1503
16,1556
16,1611
16,1664
16,1748
16,1760
16,1779
16,1789
16,2025
16,2079
16,2091
16,2102
16,2105
16,2157
16,2245
16,2289
16,2309
16,2318
16,2453
16,2455
16,2538
16,2549
16,2759
16,2766
16,2846
16,2864
16,2918
16,2939
16,3070
16,3129
16,3154
16,3263
16,3305
16,3327
16,3461
16,3518
16,3593
16,3707
16,3720
16,3761
16,3863
16,3867
16,3870
16,3908
16,3924
16,3983
16,4034
16,4101
16,4164
16,4218
16,4229
16,4242
16,4355
16,4387
16,4521
16,4607
16,4609
16,4617
16,4644
16,4645
16,4848
16,5051
16,5105
16,5155
16,5267
16,5276
16,5287
16,5318
16,5325
16,5326
16,5345
16,5367
16,5380
16,5409
16,5459
16,5471
16,5593
16,5614
16,5648
16,5815
16,5865
16,6310
16,6340
16,6358
16,6543
16,6593
16,6641
16,6678
16,6812
16,6833
16,6893
16,6898
16,6910
16,7140
16,7270
16,7288
16,7331
16,7358
16,7420
16,7496
16,7576
16,7583
16,7786
16,7802
16,7867
16,7885
16,7934
16,7935
16,8071
16,8077
16,8078
16,8096
16,8098
16,8184
16,8230
16,8252
16,8300
16,8370
16,8408
16,8482
16,8552
16,8631
16,8642
16,8798
16,8852
16,8868
16,9057
16,9213
16,9237
16,9288
16,9299
16,9426
16,9442
16,9462
16,9492
16,9607
16,9627
16,9728
16,9764
16,9823
16,9824
16,10155
16,10235
16,10347
16,10589
16,10658
16,10660
16,10815
16,10851
16,10860
16,10902
16,10931
16,10945
16,10969
16,11099
16,11103
16,11211
16,11276
16,11340
16,11443
16,11476
16,11526
16,11544
16,11648
16,11668
16,11685
16,11782
16,11792
16,11844
16,11910
16,11934
16,12013
16,12109
16,12143
16,12180
16,12220
16,12236
16,12276
16,12283
16,12304
16,12428
16,12480
16,12529
16,12569
16,12645
16,12721
16,12732
16,12800
16,13050
16,13106
16,13117
16,13125
16,13128
16,13155
16,13156
16,13195
16,13294
16,13375
16,13397
16,13457
16,13461
16,13483
16,13573
16,13633
16,13636
16,13643
16,13704
16,13751
16,13820
16,13848
16,13854
16,13882
16,13912
16,13922
16,13957
16,13973
16,14131
16,14138
16,14174
16,14188
16,14208
16,14236
16,14329
16,14383
16,14691
16,14759
16,14799
16,14883
16,14891
16,14899
16,14942
16,15103
16,15129
16,15186
16,15187
16,15200
16,15301
16,15320
16,15475
16,15479
16,15530
16,15564
16,15577
16,15603
16,15642
16,15762
16,15916
16,16161
16,16253
16,16263
17,18
17,30
17,39
17,67
17,79
17,101
17,169
17,176
17,188
17,197
17,258
17,481
17,489
17,570
17,574
17,645
17,688
17,753
17,755
17,764
17,923
17,972
17,984
17,1096
17,1118
17,1176
17,1195
17,1262
17,1300
17,1306
17,1414
17,1501
17,1531
17,1544
17,1593
17,1606
17,1661
17,1682
17,1909
17,1929
17,1986
17,2004
17,2016
17,2069
17,2080
17,2183
17,2261
17,2301
17,2324
17,2380
17,2398
17,2468
17,2523
17,2568
17,2614
17,2832
17,2846
17,2979
17,3099
17,3148
17,3152
17,3347
17,3412
17,3459
17,3520
17,3532
17,3712
17,3850
17,3882
17,3953
17,4111
17,4144
17,4180
17,4312
17,4324
17,4337
17,4415
17,4469
17,4498
17,4524
17,4560
17,4565
17,4567
17,4612
17,4678
17,4722
17,4752
17,4958
17,5015
17,5038
17,5085
17,5108
17,5137
17,5313
17,5330
17,5388
17,5590
17,5626
17,5663
17,5710
17,5713
17,5869
17,5941
17,6052
17,6060
17,6110
17,6126
17,6294
17,6371
17,6417
17,6485
17,6511
17,6536
17,6554
17,6617
17,6618
17,6642
17,6741
17,6800
17,7037
17,7066
17,7079
17,7146
17,7169
17,7252
17,7360
17,7393
17,7427
17,7548
17,7713
17,7742
17,7803
17,7825
17,7954
17,7973
17,8114
17,8203
17,8209
17,8225
17,8228
17,8242
17,8267
17,8382
17,8389
17,8437
17,8552
17,8830
17,8863
17,8949
17,8963
17,8991
17,9156
17,9161
17,9237
17,9252
17,9267
17,9288
17,9356
17,9383
17,9470
17,9585
17,9586
17,9744
17,9778
17,9877
17,9996
17,9997
17,10052
17,10083
17,10139
17,10544
17,10561
17,10568
17,10616
17,10683
17,10709
17,10812
17,10844
17,10995
17,11094
17,11130
17,11141
17,11176
17,11244
17,11275
17,11278
17,11299
17,11305
17,11308
17,11344
17,11397
17,11540
17,11569
17,11572
17,11583
17,11625
17,11738
17,11774
17,11868
17,12066
17,12150
17,12334
17,12365
17,12377
17,12400
17,12453
17,12503
17,12553
17,12563
17,13011
17,13056
17,13137
17,13141
17,13144
17,13164
17,13212
17,13364
17,13416
17,13429
17,13459
17,13714
17,13863
17,13864
17,13882
17,13917
17,13957
17,13963
17,13967
17,14007
17,14095
17,14123
17,14239
17,14289
17,14322
17,14395
17,14439
17,14475
17,14577
17,14660
17,14673
17,14739
17,14751
17,14779
17,14780
17,14802
17,14906
17,15001
17,15038
17,15141
17,15163
17,15190
17,15303
17,15470
17,15613
17,15663
17,15716
17,15749
17,15754
17,15779
17,15882
17,15886
17,15916
17,15964
17,16027
17,16028
17,16053
17,16204
17,16296
17,16304
17,16356
17,16376
18,4
18,76
18,100
18,161
18,176
18,220
18,254
18,432
18,439
18,654
18,682
18,732
18,762
18,860
18,924
18,1005
18,1032
18,1040
18,1098
18,1182
18,1220
18,1266
18,1350
18,1406
18,1489
18,1532
18,1660
18,1663
18,1769
18,1792
18,1830
18,1904
18,1916
18,1981
18,2059
18,2118
18,2244
18,2255
18,2402
18,2494
18,2590
18,2596
18,2779
18,2830
18,2842
18,2881
18,2919
18,3063
18,3066
18,3098
18,3123
18,3230
18,3325
18,3333
18,3461
18,3474
18,3483
18,3511
18,3541
18,3586
18,3877
18,3942
18,4016
18,4238
18,4291
18,4298
18,4372
18,4496
18,4566
18,4602
18,4607
18,4643
18,4659
18,4667
18,4675
18,4695
18,4698
18,4731
18,4775
18,4896
18,4911
18,4918
18,4942
18,4950
18,5000
18,5101
18,5135
18,5274
18,5410
18,5445
18,5454
18,5463
18,5511
18,5661
18,5800
18,5859
18,5894
18,5921
18,5937
18,6150
18,6322
18,6497
18,6506
18,6937
18,6959
18,6989
18,7053
18,7200
18,7232
18,7315
18,7356
18,7403
18,7485
18,7500
18,7521
18,7568
18,7649
18,7811
18,7921
18,7932
18,8040
18,8077
18,8080
18,8146
18,8172
18,8189
18,8223
18,8295
18,8306
18,8433
18,8435
18,8437
18,8579
18,8620
18,8732
18,8847
18,8881
18,8883
18,8984
18,8987
18,9164
18,9427
18,9431
18,9446
18,9518
18,9597
18,9622
18,9643
18,9695
18,9710
18,9791
18,9857
18,9891
18,10002
18,10019
18,10087
18,10103
18,10134
18,10148
18,10175
18,10278
18,10490
18,10537
18,10574
18,10674
18,10744
18,10779
18,10818
18,11063
18,11179
18,11203
18,11231
18,11279
18,11299
18,11328
18,11361
18,11373
18,11402
18,11438
18,11471
18,11715
18,11748
18,11907
18,12025
18,12059
18,12140
18,12359
18,12376
18,12389
18,12420
18,12491
18,12556
18,12611
18,12614
18,12675
18,12706
18,12751
18,12834
18,12860
18,12912
18,12968
18,13091
18,13155
18,13159
18,13170
18,13195
18,13231
18,13248
18,13308
18,13392
18,13483
18,13540
18,13558
18,13581
18,13702
18,13720
18,13935
18,13962
18,13975
18,14039
18,14187
18,14270
18,14288
18,14396
18,14416
18,14419
18,14456
18,14513
18,14531
18,14594
18,14607
18,14672
18,14684
18,14707
18,14773
18,14797
18,14842
18,14855
18,14861
18,14868
18,14941
18,14966
18,14999
18,15044
18,15057
18,15086
18,15204
18,15226
18,15241
18,15260
18,15265
18,15367
18,15414
18,15416
18,15417
18,15472
18,15525
18,15576
18,15585
18,15716
18,15722
18,15724
18,15760
18,15762
18,15779
18,15831
18,15987
18,16009
18,16041
18,16042
18,16046
18,16048
18,16054
18,16069
18,16140
18,16194
18,16283
18,16318
18,16324
18,16332
18,16357
19,58
19,75
19,131
19,142
19,150
19,164
19,195
19,278
19,448
19,506
19,589
19,598
19,695
19,885
19,961
19,996
19,1058
19,1070
19,1228
19,1237
19,1241
19,1250
19,1264
19,1279
19,1454
19,1603
19,1816
19,2343
19,2406
19,2427
19,2515
19,2525
19,2553
19,2585
19,2592
19,2644
19,2677
19,2679
19,2725
19,2734
19,2852
19,2876
19,2878
19,2916
19,2953
19,3184
19,3185
19,3196
19,3202
19,3348
19,3463
19,3480
19,3503
19,3523
19,3593
19,3690
19,3716
19,3749
19,3806
19,3887
19,3946
19,3981
19,4055
19,4195
19,4261
19,4300
19,4354
19,4489
19,4517
19,4570
19,4677
19,4764
19,4813
19,4861
19,4934
19,4989
19,5029
19,5200
19,5260
19,5382
19,5498
19,5556
19,5767
19,5892
19,6069
19,6173
19,6216
19,6257
19,6388
19,6571
19,6623
19,6636
19,6772
19,6811
19,6842
19,6859
19,6911
19,6965
19,7063
19,7095
19,7098
19,7153
19,7167
19,7209
19,7283
19,7290
19,7307
19,7421
19,7496
19,7561
19,7684
19,7696
19,7872
19,7946
19,7952
19,8011
19,8029
19,8032
19,8066
19,8108
19,8336
19,8350
19,8398
19,8591
19,8719
19,8857
19,8976
19,9035
19,9067
19,9571
19,9606
19,9701
19,9786
19,9790
19,9803
19,9857
19,9890
19,9947
19,10093
19,10204
19,10259
19,10306
19,10343
19,10358
19,10403
19,10600
19,10652
19,10693
19,10701
19,10765
19,10769
19,10820
19,10841
19,10862
19,10972
19,11015
19,11027
19,11063
19,11075
19,11119
19,11890
19,11925
19,11984
19,12024
19,12208
19,12264
19,12434
19,12462
19,12543
19,12545
19,12601
19,12658
19,12708
19,12777
19,12805
19,12885
19,12914
19,13117
19,13141
19,13254
19,13313
19,13373
19,13417
19,13684
19,13756
19,13816
19,13839
19,13840
19,13891
19,13907
19,13973
19,14068
19,14175
19,14194
19,14219
19,14543
19,14558
19,14812
19,14831
19,14861
19,15007
19,15017
19,15142
19,15182
19,15185
19,15189
19,15334
19,15511
19,15526
19,15636
19,15647
19,15725
19,15749
19,15785
19,15826
19,15837
19,15847
19,15853
19,15870
19,15917
19,15934
19,15974
19,16003
19,16031
19,16160
19,16289
19,16343
20,6
20,8
20,19
20,86
20,91
20,315
20,358
20,375
20,378
20,394
20,410
20,424
20,429
20,431
20,450
20,457
20,477
20,482
20,582
20,613
20,623
20,638
20,748
20,800
20,832
20,907
20,931
20,977
20,1000
20,1024
20,1051
20,1055
20,1069
20,1101
20,1102
20,1174
20,1182
20,1198
20,1227
20,1288
20,1365
20,1366
20,1473
20,1544
20,1569
20,1585
20,1660
20,1692
20,1701
20,1708
20,1719
20,1778
20,1786
20,1833
20,1834
20,1912
20,1933
20,1939
20,2006
20,2013
20,2053
20,2088
20,2099
20,2108
20,2246
20,2297
20,2302
20,2408
20,2412
20,2427
20,2435
20,2511
20,2598
20,2689
20,2729
20,2733
20,2755
20,2762
20,2845
20,2927
20,2994
20,3009
20,3016
20,3175
20,3199
20,3207
20,3227
20,3233
20,3235
20,3253
20,3290
20,3298
20,3368
20,3379
20,3482
20,3566
20,3583
20,3651
20,3678
20,3743
20,3785
20,3790
20,3877
20,3884
20,3937
20,3999
20,4001
20,4017
20,4044
20,4058
20,4074
20,4101
20,4247
20,4257
20,4273
20,4329
20,4337
20,4339
20,4385
20,4538
20,4539
20,4592
20,4667
20,4686
20,4705
20,4714
20,4845
20,4887
20,5032
20,5192
20,5297
20,5309
20,5340
20,5349
20,5380
20,5440
20,5501
20,5512
20,5531
20,5642
20,5767
20,5837
20,5856
20,5893
20,5905
20,5955
20,6003
20,6008
20,6029
20,6036
20,6142
20,6145
20,6200
20,6251
20,6252
20,6261
20,6277
20,6278
20,6306
20,6315
20,6484
20,6486
20,6497
20,6518
20,6521
20,6524
20,6525
20,6532
20,6533
20,6563
20,6597
20,6629
20,6635
20,6642
20,6736
20,6738
20,6923
20,6926
20,6948
20,7006
20,7067
20,7071
20,7087
20,7093
20,7161
20,7192
20,7205
20,7213
20,7263
20,7334
20,7512
20,7525
20,7602
20,7662
20,7665
20,7702
20,7799
20,7803
20,7819
20,7870
20,7914
20,7956
20,8059
20,8066
20,8067
20,8087
20,8103
20,8138
20,8209
20,8211
20,8226
20,8234
20,8236
20,8259
20,8288
20,8315
20,8337
20,8356
20,8359
20,8417
20,8419
20,8475
20,8492
20,8498
20,8572
20,8599
20,8617
20,8645
20,8671
20,8854
20,8902
20,8904
20,8910
20,8946
20,8958
20,8963
20,9072
20,9100
20,9115
20,9119
20,9152
20,9164
20,9168
20,9276
20,9285
20,9289
20,9327
20,9348
20,9438
20,9519
20,9548
20,9563
20,9720
20,9755
20,9841
20,9862
20,9873
20,9880
20,9893
20,9977
20,10011
20,10037
20,10138
20,10154
20,10159
20,10164
20,10222
20,10239
20,10249
20,10256
20,10308
20,10335
20,10383
20,10384
20,10393
20,10397
20,10401
20,10410
20,10440
20,10515
20,10597
20,10624
20,10740
20,10810
20,10851
20,10875
20,10928
20,10935
20,11018
20,11063
20,11170
20,11212
20,11261
20,11263
20,11349
20,11352
20,11411
20,11417
20,11477
20,11504
20,11511
20,11577
20,11594
20,11643
20,11672
20,11724
20,11733
20,11848
20,11938
20,11999
20,12071
20,12097
20,12219
20,12253
20,12259
20,12302
20,12347
20,12410
20,12492
20,12589
20,12622
20,12671
20,12677
20,12736
20,12745
20,12755
20,12770
20,12841
20,12861
20,12867
20,12899
20,12976
20,12997
20,13052
20,13098
20,13243
20,13317
20,13323
20,13336
20,13356
20,13357
20,13394
20,13403
20,13429
20,13430
20,13474
20,13482
20,13488
20,13515
20,13518
20,13636
20,13693
20,13703
20,13706
20,13724
20,13736
20,13744
20,13751
20,13768
20,13779
20,13793
20,13863
20,13900
20,13936
20,13987
20,13993
20,14020
20,14027
20,14124
20,14131
20,14140
20,14189
20,14201
20,14313
20,14418
20,14476
20,14525
20,14543
20,14622
20,14659
20,14729
20,14895
20,15001
20,15028
20,15070
20,15111
20,15160
20,15210
20,15244
20,15273
20,15294
20,15317
20,15321
20,15395
20,15400
20,15432
20,15455
20,15587
20,15695
20,15722
20,15724
20,15793
20,15829
20,15865
20,15920
20,15930
20,15936
20,15984
20,16029
20,16048
20,16085
20,16105
20,16159
20,16252
20,16288
20,16312
21,45
21,56
21,122
21,232
21,259
21,306
21,333
21,359
21,372
21,411
21,478
21,520
21,546
21,575
21,594
21,627
21,679
21,694
21,728
21,732
21,832
21,880
21,914
21,931
21,972
21,1019
21,1073
21,1127
21,1239
21,1314
21,1332
21,1432
21,1454
21,1496
21,1548
21,1591
21,1630
21,1651
21,1665
21,1740
21,1750
21,1861
21,1912
21,2003
21,2104
21,2106
21,2160
21,2168
21,2396
21,2418
21,2419
21,2555
21,2586
21,2595
21,2637
21,2692
21,2714
21,2743
21,2855
21,2865
21,2916
21,2919
21,2933
21,2979
21,3031
21,3119
21,3173
21,3178
21,3228
21,3257
21,3265
21,3288
21,3385
21,3409
21,3514
21,3555
21,3562
21,3563
21,3593
21,3615
21,3663
21,3667
21,3693
21,3700
21,3745
21,3747
21,3776
21,3787
21,3834
21,3844
21,3847
21,3872
21,3875
21,4097
21,4198
21,4235
21,4260
21,4262
21,4273
21,4319
21,4354
21,4370
21,4399
21,4438
21,4501
21,4535
21,4574
21,4601
21,4622
21,4663
21,4668
21,4700
21,4702
21,4795
21,4842
21,4877
21,4891
21,4898
21,5047
21,5066
21,5070
21,5147
21,5149
21,5224
21,5282
21,5312
21,5425
21,5426
21,5471
21,5475
21,5486
21,5499
21,5530
21,5541
21,5564
21,5576
21,5645
21,5671
21,5689
21,5711
21,5715
21,5722
21,5764
21,5781
21,5858
21,5889
21,5922
21,5924
21,5953
21,5959
21,6134
21,6223
21,6260
21,6266
21,6282
21,6316
21,6317
21,6326
21,6362
21,6389
21,6458
21,6463
21,6473
21,6482
21,6498
21,6531
21,6541
21,6553
21,6563
21,6581
21,6646
21,6679
21,6690
21,6701
21,6742
21,6756
21,6795
21,6832
21,6843
21,6850
21,6945
21,6989
21,7034
21,7035
21,7055
21,7064
21,7133
21,7135
21,7189
21,7206
21,7253
21,7312
21,7334
21,7369
21,7379
21,7381
21,7441
21,7451
21,7468
21,7501
21,7514
21,7534
21,7548
21,7640
21,7760
21,7763
21,7827
21,7828
21,7859
21,7863
21,7981
21,8014
21,8020
21,8021
21,8062
21,8113
21,8121
21,8123
21,8125
21,8242
21,8250
21,8277
21,8330
21,8339
21,8402
21,8433
21,8445
21,8457
21,8483
21,8495
21,8561
21,8574
21,8635
21,8671
21,8711
21,8755
21,8773
21,8799
21,8807
21,8812
21,8846
21,8908
21,8998
21,9069
21,9073
21,9103
21,9152
21,9178
21,9180
21,9221
21,9344
21,9355
21,9373
21,9387
21,9408
21,9414
21,9452
21,9467
21,9518
21,9558
21,9576
21,9578
21,9584
21,9665
21,9690
21,9722
21,9761
21,9837
21,9905
21,9959
21,9998
21,10008
21,10034
21,10038
21,10067
21,10083
21,10091
21,10170
21,10192
21,10272
21,10305
21,10372
21,10385
21,10396
21,10443
21,10542
21,10590
21,10629
21,10662
21,10671
21,10706
21,10770
21,10776
21,10790
21,10793
21,10798
21,10804
21,10820
21,10872
21,10914
21,10994
21,10998
21,11006
21,11107
21,11310
21,11351
21,11516
21,11548
21,11558
21,11635
21,11641
21,11697
21,11712
21,11726
21,11748
21,11758
21,11775
21,11806
21,11813
21,11822
21,11828
21,11904
21,11945
21,11972
21,11998
21,12020
21,12081
21,12098
21,12126
21,12150
21,12160
21,12197
21,12295
21,12311
21,12344
21,12357
21,12366
21,12394
21,12406
21,12476
21,12491
21,12555
21,12587
21,12632
21,12690
21,12789
21,12808
21,12809
21,12833
21,12851
21,12865
21,12884
21,12905
21,12910
21,12960
21,12990
21,12993
21,13015
21,13046
21,13129
21,13148
21,13162
21,13299
21,13304
21,13378
21,13398
21,13552
21,13558
21,13615
21,13624
21,13633
21,13662
21,13673
21,13721
21,13725
21,13736
21,13793
21,13807
21,13809
21,13818
21,13868
21,13871
21,13881
21,13909
21,13921
21,13952
21,13962
21,14032
21,14033
21,14034
21,14093
21,14127
21,14215
21,14236
21,14246
21,14255
21,14291
21,14294
21,14311
21,14338
21,14345
21,14366
21,14392
21,14399
21,14408
21,14422
21,14496
21,14568
21,14581
21,14587
21,14620
21,14680
21,14689
21,14709
21,14720
21,14724
21,14743
21,14798
21,14835
21,14870
21,14879
21,14883
21,14927
21,14961
21,15071
21,15175
21,15225
21,15258
21,15289
21,15321
21,15384
21,15451
21,15458
21,15533
21,15545
21,15566
21,15624
21,15636
21,15644
21,15656
21,15715
21,15791
21,15809
21,15850
21,15942
21,15996
21,16130
21,16300
21,16309
21,16356
22,14
22,17
22,43
22,45
22,85
22,146
22,177
22,223
22,229
22,388
22,460
22,466
22,487
22,527
22,552
22,568
22,582
22,680
22,722
22,741
22,742
22,872
22,902
22,905
22,915
22,964
22,979
22,1026
22,1126
22,1145
22,1162
22,1195
22,1214
22,1249
22,1317
22,1324
22,1344
22,1346
22,1506
22,1507
22,1533
22,1632
22,1645
22,1651
22,1705
22,1794
22,1894
22,1898
22,1934
22,1972
22,1976
22,2010
22,2040
22,2080
22,2112
22,2127
22,2130
22,2133
22,2157
22,2171
22,2241
22,2296
22,2372
22,2414
22,2440
22,2443
22,2449
22,2482
22,2486
22,2519
22,2534
22,2557
22,2568
22,2615
22,2616
22,2714
22,2727
22,2730
22,2736
22,2759
22,2768
22,2799
22,2968
22,3067
22,3085
22,3124
22,3160
22,3171
22,3178
22,3189
22,3211
22,3259
22,3301
22,3305
22,3416
22,3430
22,3483
22,3486
22,3496
22,3543
22,3560
22,3648
22,3714
22,3734
22,3826
22,3828
22,3840
22,3936
22,3941
22,3980
22,4035
22,4056
22,4079
22,4186
22,4253
22,4284
22,4330
22,4334
22,4356
22,4393
22,4412
22,4474
22,4481
22,4550
22,4552
22,4605
22,4611
22,4631
22,4642
22,4665
22,4668
22,4714
22,4736
22,4798
22,4808
22,4850
22,4856
22,4867
22,4869
22,4917
22,4925
22,4969
22,5037
22,5063
22,5073
22,5093
22,5103
22,5170
22,5182
22,5225
22,5271
22,5275
22,5314
22,5331
22,5396
22,5397
22,5447
22,5448
22,5454
22,5494
22,5500
22,5504
22,5539
22,5551
22,5556
22,5596
22,5651
22,5733
22,5739
22,5769
22,5780
22,5823
22,5843
22,5894
22,5916
22,6001
22,6004
22,6139
22,6191
22,6208
22,6234
22,6245
22,6246
22,6259
22,6275
22,6324
22,6343
22,6392
22,6396
22,6399
22,6402
22,6419
22,6437
22,6438
22,6473
22,6476
22,6506
22,6523
22,6606
22,6608
22,6614
22,6617
22,6622
22,6654
22,6686
22,6696
22,6732
22,6740
22,6765
22,6828
22,6862
22,6891
22,6990
22,6991
22,6994
22,7013
22,7127
22,7150
22,7179
22,7214
22,7235
22,7290
22,7310
22,7311
22,7312
22,7391
22,7401
22,7430
22,7460
22,7472
22,7475
22,7524
22,7553
22,7583
22,7605
22,7669
22,7685
22,7702
22,7708
22,7812
22,7828
22,7849
22,7856
22,7861
22,7872
22,7888
22,7969
22,8007
22,8062
22,8063
22,8092
22,8107
22,8111
22,8118
22,8163
22,8223
22,8251
22,8285
22,8286
22,8318
22,8352
22,8367
22,8402
22,8488
22,8519
22,8541
22,8573
22,8576
22,8613
22,8629
22,8732
22,8739
22,8758
22,8827
22,8880
22,8903
22,8907
22,8919
22,9005
22,9011
22,9033
22,9035
22,9082
22,9094
22,9133
22,9159
22,9165
22,9189
22,9213
22,9216
22,9302
22,9330
22,9373
22,9465
22,9475
22,9511
22,9526
22,9566
22,9591
22,9610
22,9613
22,9651
22,9682
22,9707
22,9753
22,9766
22,9793
22,9800
22,9814
22,9829
22,9850
22,9859
22,9967
22,9977
22,10003
22,10026
22,10044
22,10054
22,10069
22,10084
22,10178
22,10203
22,10214
22,10237
22,10239
22,10260
22,10306
22,10357
22,10391
22,10428
22,10435
22,10449
22,10450
22,10463
22,10610
22,10622
22,10642
22,10648
22,10652
22,10660
22,10678
22,10809
22,10824
22,10834
22,10860
22,10903
22,10989
22,11015
22,11079
22,11129
22,11201
22,11220
22,11224
22,11226
22,11276
22,11363
22,11374
22,11414
22,11415
22,11430
22,11443
22,11546
22,11548
22,11557
22,11563
22,11617
22,11653
22,11689
22,11691
22,11715
22,11757
22,11773
22,11787
22,11863
22,11869
22,11875
22,11886
22,11907
22,11913
22,11920
22,11931
22,11970
22,11975
22,12025
22,12038
22,12087
22,12199
22,12313
22,12347
22,12369
22,12389
22,12403
22,12441
22,12524
22,12611
22,12650
22,12679
22,12742
22,12747
22,12778
22,12805
22,12837
22,12844
22,12859
22,12948
22,12957
22,13011
22,13088
22,13122
22,13176
22,13183
22,13220
22,13298
22,13313
22,13337
22,13340
22,13371
22,13427
22,13494
22,13507
22,13511
22,13524
22,13526
22,13542
22,13546
22,13568
22,13569
22,13618
22,13660
22,13669
22,13673
22,13715
22,13716
22,13731
22,13735
22,13758
22,13875
22,13885
22,13888
22,13923
22,13946
22,13964
22,13993
22,14016
22,14019
22,14036
22,14044
22,14055
22,14082
22,14102
22,14121
22,14132
22,14239
22,14257
22,14271
22,14277
22,14293
22,14321
22,14359
22,14380
22,14412
22,14422
22,14457
22,14500
22,14524
22,14551
22,14622
22,14626
22,14646
22,14697
22,14737
22,14740
22,14744
22,14756
22,14765
22,14768
22,14769
22,14847
22,14859
22,14899
22,14936
22,14971
22,14989
22,15003
22,15029
22,15052
22,15056
22,15075
22,15078
22,15113
22,15195
22,15212
22,15245
22,15283
22,15305
22,15374
22,15386
22,15394
22,15404
22,15431
22,15443
22,15452
22,15491
22,15579
22,15606
22,15662
22,15714
22,15777
22,15794
22,15803
22,15856
22,15877
22,15878
22,15883
22,15930
22,15931
22,16001
22,16020
22,16037
22,16066
22,16077
22,16101
22,16102
22,16145
22,16169
22,16261
22,16282
22,16298
22,16308
22,16317
23,124
23,198
23,209
23,260
23,309
23,318
23,325
23,365
23,372
23,422
23,438
23,441
23,456
23,508
23,516
23,680
23,802
23,901
23,1002
23,1150
23,1184
23,1193
23,1212
23,1230
23,1328
23,1329
23,1367
23,1386
23,1408
23,1434
23,1508
23,1624
23,1643
23,1735
23,1804
23,1816
23,1929
23,2052
23,2252
23,2260
23,2356
23,2370
23,2377
23,2431
23,2468
23,2486
23,2493
23,2541
23,2556
23,2602
23,2628
23,2662
23,2664
23,2699
23,2719
23,2724
23,2757
23,2769
23,2811
23,2825
23,2879
23,2919
23,2947
23,2986
23,3100
23,3185
23,3202
23,3213
23,3240
23,3263
23,3552
23,3645
23,3674
23,3719
23,3726
23,3760
23,3849
23,3898
23,3935
23,4062
23,4086
23,4219
23,4277
23,4333
23,4350
23,4367
23,4427
23,4505
23,4515
23,4531
23,4552
23,4706
23,4744
23,4754
23,4932
23,4957
23,5023
23,5045
23,5076
23,5125
23,5206
23,5241
23,5300
23,5311
23,5313
23,5349
23,5458
23,5504
23,5505
23,5564
23,5639
23,5668
23,5681
23,5697
23,5735
23,5842
23,5852
23,5889
23,6105
23,6200
23,6244
23,6246
23,6289
23,6512
23,6556
23,6567
23,6593
23,6604
23,6684
23,6763
23,6847
23,7079
23,7123
23,7128
23,7129
23,7180
23,7217
23,7247
23,7351
23,7354
23,7361
23,7372
23,7381
23,7391
23,7396
23,7531
23,7626
23,7645
23,7703
23,7781
23,7875
23,7951
23,7999
23,8003
23,8084
23,8097
23,8157
23,8226
23,8227
23,8260
23,8272
23,8341
23,8392
23,8398
23,8408
23,8426
23,8454
23,8515
23,8595
23,8607
23,8744
23,8791
23,8830
23,8895
23,8897
23,8935
23,8943
23,8981
23,9004
23,9029
23,9160
23,9176
23,9251
23,9351
23,9468
23,9593
23,9622
23,9627
23,9637
23,9706
23,9723
23,9728
23,9771
23,9776
23,9828
23,9839
23,9856
23,9857
23,9884
23,9915
23,9921
23,9936
23,9956
23,10038
23,10304
23,10345
23,10408
23,10437
23,10494
23,10634
23,10692
23,10772
23,10802
23,10986
23,10994
23,10995
23,11034
23,11061
23,11096
23,11146
23,11211
23,11247
23,11263
23,11275
23,11397
23,11426
23,11490
23,11501
23,11528
23,11578
23,11681
23,11702
23,11704
23,11719
23,11739
23,11788
23,11944
23,12011
23,12021
23,12034
23,12073
23,12126
23,12127
23,12131
23,12247
23,12373
23,12418
23,12468
23,12509
23,12513
23,12514
23,12516
23,12539
23,12580
23,12669
23,12753
23,12775
23,12779
23,12895
23,12954
23,12998
23,13045
23,13106
23,13114
23,13143
23,13294
23,13303
23,13304
23,13495
23,13513
23,13549
23,13653
23,13749
23,13759
23,13762
23,13784
23,13802
23,13848
23,13880
23,13884
23,13892
23,13910
23,13926
23,13958
23,13977
23,14043
23,14067
23,14128
23,14147
23,14187
23,14209
23,14250
23,14254
23,14363
23,14394
23,14433
23,14473
23,14531
23,14544
23,14563
23,14578
23,14584
23,14595
23,14613
23,14620
23,14757
23,14888
23,14893
23,15147
23,15163
23,15278
23,15303
23,15325
23,15326
23,15369
23,15388
23,15409
23,15415
23,15528
23,15550
23,15588
23,15590
23,15592
23,15738
23,15782
23,15791
23,15891
23,15914
23,15926
23,15942
23,15961
23,16000
23,16027
23,16039
23,16069
23,16144
23,16250
23,16274
23,16285
23,16353
23,16364
24,91
24,107
24,111
24,159
24,160
24,177
24,211
24,215
24,222
24,247
24,259
24,304
24,305
24,319
24,327
24,362
24,385
24,400
24,409
24,411
24,444
24,447
24,452
24,485
24,487
24,534
24,539
24,562
24,593
24,600
24,606
24,612
24,640
24,645
24,654
24,680
24,718
24,727
24,728
24,757
24,770
24,786
24,846
24,849
24,850
24,853
24,884
24,890
24,906
24,919
24,928
24,945
24,992
24,1001
24,1046
24,1059
24,1072
24,1090
24,1092
24,1093
24,1108
24,1109
24,1155
24,1176
24,1181
24,1201
24,1205
24,1207
24,1214
24,1229
24,1272
24,1274
24,1287
24,1307
24,1356
24,1359
24,1362
24,1366
24,1380
24,1386
24,1394
24,1402
24,1421
24,1429
24,1431
24,1467
24,1486
24,1498
24,1501
24,1525
24,1552
24,1582
24,1606
24,1611
24,1618
24,1627
24,1636
24,1648
24,1653
24,1676
24,1680
24,1681
24,1682
24,1683
24,1686
24,1712
24,1724
24,1725
24,1726
24,1730
24,1739
24,1744
24,1772
24,1776
24,1791
24,1848
24,1849
24,1912
24,1938
24,1952
24,1978
24,1985
24,1999
24,2010
24,2012
24,2022
24,2052
24,2068
24,2086
24,2088
24,2089
24,2097
24,2099
24,2104
24,2111
24,2118
24,2130
24,2132
24,2147
24,2158
24,2175
24,2177
24,2221
24,2232
24,2234
24,2252
24,2266
24,2299
24,2302
24,2306
24,2339
24,2343
24,2364
24,2371
24,2389
24,2420
24,2427
24,2452
24,2453
24,2483
24,2499
24,2524
24,2526
24,2537
24,2539
24,2557
24,2580
24,2584
24,2585
24,2601
24,2605
24,2618
24,2625
24,2632
24,2684
24,2703
24,2710
24,2723
24,2729
24,2736
24,2739
24,2742
24,2783
24,2785
24,2795
24,2807
24,2814
24,2820
24,2835
24,2837
24,2841
24,2847
24,2890
24,2940
24,2948
24,2963
24,2964
24,2978
24,2984
24,3034
24,3053
24,3057
24,3064
24,3072
24,3112
24,3125
24,3153
24,3158
24,3164
24,3181
24,3182
24,3187
24,3188
24,3200
24,3220
24,3248
24,3253
24,3278
24,3279
24,3314
24,3316
24,3321
24,3328
24,3337
24,3350
24,3360
24,3386
24,3391
24,3408
24,3415
24,3440
24,3452
24,3477
24,3513
24,3518
24,3519
24,3528
24,3536
24,3550
24,3552
24,3555
24,3561
24,3596
24,3611
24,3613
24,3618
24,3622
24,3687
24,3704
24,3707
24,3708
24,3711
24,3715
24,3719
24,3720
24,3761
24,3779
24,3783
24,3787
24,3809
24,3827
24,3864
24,3873
24,3889
24,3900
24,3909
24,3940
24,3960
24,3976
24,3982
24,3988
24,4017
24,4028
24,4030
24,4042
24,4098
24,4107
24,4117
24,4130
24,4155
24,4159
24,4163
24,4213
24,4220
24,4227
24,4230
24,4231
24,4245
24,4260
24,4286
24,4317
24,4319
24,4338
24,4341
24,4345
24,4358
24,4390
24,4414
24,4418
24,4427
24,4448
24,4456
24,4483
24,4486
24,4493
24,4502
24,4507
24,4518
24,4535
24,4545
24,4582
24,4604
24,4624
24,4636
24,4637
24,4648
24,4649
24,4674
24,4682
24,4717
24,4727
24,4728
24,4752
24,4764
24,4766
24,4774
24,4778
24,4791
24,4806
24,4808
24,4835
24,4866
24,4870
24,4876
24,4900
24,4918
24,4927
24,4938
24,4943
24,4957
24,4958
24,4989
24,5027
24,5036
24,5051
24,5058
24,5062
24,5069
24,5077
24,5090
24,5094
24,5104
24,5109
24,5117
24,5121
24,5133
24,5139
24,5158
24,5175
24,5187
24,5193
24,5196
24,5202
24,5206
24,5209
24,5222
24,5243
24,5280
24,5296
24,5322
24,5324
24,5338
24,5339
24,5343
24,5348
24,5374
24,5385
24,5390
24,5394
24,5402
24,5403
24,5408
24,5421
24,5425
24,5427
24,5429
24,5442
24,5455
24,5472
24,5481
24,5482
24,5488
24,5512
24,5514
24,5528
24,5557
24,5578
24,5584
24,5586
24,5635
24,5669
24,5692
24,5702
24,5706
24,5717
24,5726
24,5728
24,5737
24,5750
24,5754
24,5765
24,5802
24,5803
24,5845
24,5856
24,5878
24,5901
24,5903
24,5929
24,5936
24,5949
24,5956
24,5961
24,5963
24,5973
24,6009
24,6014
24,6026
24,6039
24,6052
24,6053
24,6068
24,6095
24,6109
24,6112
24,6120
24,6142
24,6143
24,6146
24,6205
24,6233
24,6235
24,6250
24,6268
24,6276
24,6300
24,6309
24,6323
24,6354
24,6355
24,6372
24,6378
24,6404
24,6408
24,6415
24,6467
24,6476
24,6484
24,6489
24,6497
24,6566
24,6571
24,6584
24,6597
24,6605
24,6622
24,6630
24,6634
24,6641
24,6645
24,6647
24,6658
24,6660
24,6689
24,6690
24,6700
24,6701
24,6740
24,6747
24,6772
24,6785
24,6805
24,6822
24,6836
24,6853
24,6855
24,6905
24,6912
24,6921
24,6926
24,6953
24,6955
24,6983
24,6991
24,6993
24,7002
24,7012
24,7014
24,7022
24,7028
24,7030
24,7060
24,7081
24,7109
24,7118
24,7141
24,7163
24,7193
24,7209
24,7222
24,7233
24,7241
24,7247
24,7263
24,7275
24,7280
24,7293
24,7298
24,7330
24,7337
24,7358
24,7364
24,7373
24,7386
24,7398
24,7403
24,7413
24,7426
24,7431
24,7492
24,7512
24,7514
24,7558
24,7572
24,7578
24,7594
24,7598
24,7608
24,7612
24,7646
24,7649
24,7658
24,7674
24,7693
24,7695
24,7701
24,7702
24,7710
24,7717
24,7720
24,7722
24,7740
24,7756
24,7776
24,7782
24,7830
24,7833
24,7865
24,7880
24,7885
24,7917
24,7931
24,7939
24,7949
24,7973
24,7979
24,7991
24,7993
24,8000
24,8007
24,8017
24,8033
24,8041
24,8057
24,8061
24,8093
24,8104
24,8112
24,8127
24,8130
24,8131
24,8157
24,8158
24,8162
24,8172
24,8177
24,8188
24,8190
24,8198
24,8211
24,8217
24,8228
24,8255
24,8257
24,8267
24,8275
24,8298
24,8315
24,8325
24,8346
24,8359
24,8366
24,8367
24,8368
24,8386
24,8412
24,8427
24,8437
24,8445
24,8447
24,8458
24,8473
24,8476
24,8502
24,8528
24,8572
24,8578
24,8589
24,8593
24,8613
24,8618
24,8665
24,8666
24,8679
24,8680
24,8704
24,8715
24,8732
24,8735
24,8771
24,8822
24,8829
24,8835
24,8874
24,8893
24,8900
24,8901
24,8906
24,8945
24,8953
24,8959
24,8997
24,9005
24,9015
24,9025
24,9032
24,9048
24,9053
24,9054
24,9058
24,9065
24,9068
24,9089
24,9128
24,9130
24,9141
24,9155
24,9164
24,9166
24,9175
24,9178
24,9184
24,9185
24,9191
24,9194
24,9195
24,9205
24,9206
24,9214
24,9215
24,9258
24,9279
24,9280
24,9287
24,9289
24,9307
24,9327
24,9330
24,9334
24,9350
24,9356
24,9382
24,9383
24,9386
24,9391
24,9415
24,9416
24,9420
24,9437
24,9438
24,9439
24,9473
24,9474
24,9500
24,9516
24,9518
24,9525
24,9534
24,9579
24,9596
24,9601
24,9605
24,9616
24,9627
24,9628
24,9635
24,9647
24,9704
24,9727
24,9737
24,9747
24,9762
24,9781
24,9783
24,9795
24,9829
24,9833
24,9843
24,9869
24,9870
24,9889
24,9897
24,9907
24,9946
24,9948
24,9966
24,9982
24,9999
24,10012
24,10022
24,10029
24,10034
24,10043
24,10046
24,10068
24,10070
24,10078
24,10118
24,10124
24,10130
24,10131
24,10139
24,10141
24,10150
24,10153
24,10168
24,10189
24,10191
24,10198
24,10220
24,10235
24,10248
24,10265
24,10275
24,10353
24,10360
24,10384
24,10390
24,10398
24,10417
24,10424
24,10426
24,10431
24,10445
24,10452
24,10460
24,10462
24,10490
24,10491
24,10515
24,10538
24,10542
24,10544
24,10554
24,10556
24,10575
24,10600
24,10639
24,10657
24,10674
24,10685
24,10686
24,10711
24,10727
24,10752
24,10783
24,10785
24,10790
24,10795
24,10819
24,10842
24,10850
24,10871
24,10876
24,10893
24,10903
24,10913
24,10926
24,10939
24,10960
24,10966
24,10971
24,10985
24,10993
24,11023
24,11030
24,11039
24,11097
24,11113
24,11126
24,11130
24,11134
24,11136
24,11156
24,11169
24,11188
24,11192
24,11202
24,11222
24,11238
24,11245
24,11260
24,11273
24,11283
24,11297
24,11309
24,11315
24,11326
24,11331
24,11336
24,11342
24,11350
24,11356
24,11418
24,11469
24,11474
24,11489
24,11500
24,11504
24,11509
24,11516
24,11518
24,11538
24,11546
24,11557
24,11559
24,11591
24,11592
24,11596
24,11600
24,11605
24,11607
24,11631
24,11639
24,11657
24,11658
24,11663
24,11687
24,11689
24,11702
24,11723
24,11725
24,11737
24,11755
24,11763
24,11773
24,11777
24,11784
24,11792
24,11804
24,11838
24,11846
24,11851
24,11857
24,11898
24,11899
24,11921
24,11924
24,11932
24,11937
24,11991
24,12024
24,12042
24,12089
24,12091
24,12105
24,12146
24,12152
24,12159
24,12166
24,12172
24,12174
24,12177
24,12190
24,12202
24,12203
24,12209
24,12210
24,12220
24,12235
24,12257
24,12267
24,12302
24,12318
24,12333
24,12336
24,12338
24,12367
24,12373
24,12396
24,12411
24,12415
24,12427
24,12429
24,12430
24,12434
24,12467
24,12473
24,12474
24,12480
24,12513
24,12534
24,12540
24,12548
24,12554
24,12561
24,12564
24,12577
24,12584
24,12589
24,12601
24,12614
24,12615
24,12629
24,12634
24,12651
24,12654
24,12677
24,12679
24,12696
24,12722
24,12733
24,12736
24,12747
24,12748
24,12779
24,12781
24,12809
24,12820
24,12838
24,12839
24,12846
24,12862
24,12887
24,12908
24,12960
24,12991
24,12993
24,13003
24,13019
24,13023
24,13030
24,13031
24,13046
24,13059
24,13083
24,13087
24,13096
24,13137
24,13165
24,13169
24,13199
24,13205
24,13212
24,13222
24,13235
24,13254
24,13258
24,13259
24,13260
24,13299
24,13309
24,13325
24,13347
24,13357
24,13383
24,13394
24,13409
24,13456
24,13459
24,13462
24,13465
24,13474
24,13488
24,13494
24,13513
24,13524
24,13527
24,13543
24,13555
24,13582
24,13611
24,13631
24,13640
24,13648
24,13649
24,13655
24,13669
24,13687
24,13696
24,13707
24,13728
24,13735
24,13747
24,13767
24,13791
24,13798
24,13834
24,13858
24,13869
24,13877
24,13896
24,13904
24,13908
24,13914
24,13944
24,13954
24,13962
24,13983
24,13986
24,13990
24,14000
24,14018
24,14041
24,14044
24,14079
24,14109
24,14113
24,14127
24,14130
24,14183
24,14191
24,14197
24,14207
24,14243
24,14260
24,14273
24,14284
24,14303
24,14340
24,14352
24,14364
24,14384
24,14390
24,14403
24,14421
24,14431
24,14435
24,14443
24,14462
24,14464
24,14471
24,14484
24,14486
24,14487
24,14492
24,14507
24,14523
24,14541
24,14580
24,14588
24,14602
24,14613
24,14642
24,14649
24,14660
24,14661
24,14672
24,14681
24,14711
24,14715
24,14723
24,14726
24,14732
24,14766
24,14771
24,14779
24,14783
24,14786
24,14827
24,14831
24,14842
24,14904
24,14917
24,14949
24,14959
24,14961
24,14975
24,15007
24,15030
24,15055
24,15071
24,15074
24,15085
24,15087
24,15094
24,15108
24,15114
24,15118
24,15122
24,15129
24,15143
24,15144
24,15161
24,15180
24,15185
24,15192
24,15199
24,15201
24,15203
24,15217
24,15222
24,15227
24,15231
24,15238
24,15253
24,15254
24,15258
24,15265
24,15274
24,15282
24,15296
24,15297
24,15302
24,15308
24,15320
24,15331
24,15333
24,15338
24,15347
24,15349
24,15353
24,15418
24,15420
24,15452
24,15472
24,15474
24,15489
24,15515
24,15521
24,15528
24,15529
24,15532
24,15537
24,15541
24,15551
24,15563
24,15583
24,15588
24,15596
24,15604
24,15607
24,15612
24,15631
24,15646
24,15695
24,15748
24,15752
24,15759
24,15760
24,15769
24,15779
24,15794
24,15801
24,15811
24,15830
24,15856
24,15858
24,15875
24,15881
24,15883
24,15887
24,15900
24,15903
24,15913
24,15914
24,15935
24,15944
24,15948
24,15961
24,15964
24,16008
24,16013
24,16023
24,16036
24,16044
24,16053
24,16077
24,16085
24,16094
24,16095
24,16107
24,16108
24,16113
24,16116
24,16125
24,16128
24,16139
24,16145
24,16182
24,16192
24,16202
24,16213
24,16231
24,16247
24,16261
24,16306
24,16309
24,16328
24,16354
24,16362
24,16370
24,16372
24,16375
25,5
25,28
25,43
25,56
25,69
25,76
25,78
25,82
25,87
25,109
25,111
25,118
25,146
25,166
25,169
25,174
25,193
25,213
25,230
25,239
25,246
25,265
25,283
25,284
25,288
25,308
25,325
25,332
25,333
25,343
25,344
25,345
25,348
25,355
25,369
25,391
25,399
25,416
25,422
25,424
25,472
25,491
25,538
25,548
25,570
25,571
25,595
25,608
25,612
25,637
25,654
25,656
25,658
25,659
25,668
25,673
25,689
25,718
25,729
25,755
25,760
25,786
25,799
25,801
25,831
25,880
25,899
25,906
25,910
25,927
25,929
25,932
25,949
25,976
25,984
25,1006
25,1015
25,1062
25,1067
25,1069
25,1090
25,1109
25,1163
25,1170
25,1180
25,1184
25,1195
25,1202
25,1227
25,1232
25,1235
25,1237
25,1239
25,1248
25,1249
25,1256
25,1277
25,1292
25,1307
25,1308
25,1333
25,1336
25,1345
25,1351
25,1358
25,1372
25,1386
25,1426
25,1458
25,1459
25,1489
25,1498
25,1531
25,1532
25,1542
25,1558
25,1560
25,1580
25,1585
25,1594
25,1623
25,1641
25,1662
25,1693
25,1729
25,1754
25,1801
25,1860
25,1902
25,1906
25,1909
25,1926
25,1941
25,1947
25,1971
25,1992
25,2000
25,2001
25,2042
25,2044
25,2046
25,2047
25,2049
25,2091
25,2097
25,2112
25,2118
25,2123
25,2211
25,2241
25,2251
25,2283
25,2307
25,2321
25,2323
25,2435
25,2444
25,2465
25,2468
25,2476
25,2509
25,2526
25,2529
25,2541
25,2571
25,2588
25,2594
25,2611
25,2629
25,2652
25,2664
25,2677
25,2683
25,2706
25,2724
25,2733
25,2757
25,2773
25,2801
25,2806
25,2826
25,2845
25,2871
25,2877
25,2992
25,3021
25,3032
25,3035
25,3065
25,3067
25,3092
25,3093
25,3127
25,3147
25,3189
25,3195
25,3199
25,3228
25,3234
25,3283
25,3292
25,3312
25,3328
25,3360
25,3379
25,3401
25,3409
25,3420
25,3450
25,3475
25,3566
25,3577
25,3624
25,3643
25,3654
25,3657
25,3680
25,3684
25,3702
25,3752
25,3765
25,3772
25,3776
25,3796
25,3798
25,3814
25,3862
25,3872
25,3876
25,3892
25,3914
25,3915
25,3921
25,3925
25,3927
25,3935
25,3940
25,3954
25,3971
25,3974
25,3998
25,4020
25,4045
25,4052
25,4070
25,4071
25,4078
25,4079
25,4084
25,4102
25,4126
25,4130
25,4134
25,4160
25,4163
25,4173
25,4184
25,4208
25,4236
25,4243
25,4244
25,4247
25,4296
25,4312
25,4313
25,4335
25,4339
25,4352
25,4370
25,4373
25,4380
25,4397
25,4404
25,4406
25,4408
25,4409
25,4424
25,4437
25,4456
25,4487
25,4505
25,4522
25,4526
25,4562
25,4568
25,4574
25,4576
25,4591
25,4598
25,4608
25,4612
25,4628
25,4631
25,4642
25,4661
25,4683
25,4706
25,4746
25,4758
25,4805
25,4812
25,4817
25,4818
25,4826
25,4833
25,4836
25,4845
25,4848
25,4851
25,4867
25,4885
25,4888
25,4917
25,4923
25,4978
25,4987
25,5012
25,5021
25,5041
25,5052
25,5060
25,5120
25,5129
25,5162
25,5180
25,5183
25,5186
25,5201
25,5203
25,5236
25,5298
25,5317
25,5318
25,5327
25,5332
25,5336
25,5362
25,5375
25,5385
25,5387
25,5390
25,5398
25,5424
25,5425
25,5439
25,5483
25,5485
25,5486
25,5501
25,5538
25,5585
25,5615
25,5629
25,5653
25,5666
25,5678
25,5695
25,5696
25,5737
25,5747
25,5758
25,5796
25,5807
25,5810
25,5815
25,5820
25,5849
25,5859
25,5868
25,5878
25,5881
25,5883
25,5888
25,5896
25,5897
25,5902
25,5938
25,5945
25,5978
25,5981
25,5982
25,5984
25,5994
25,6004
25,6013
25,6019
25,6021
25,6046
25,6054
25,6070
25,6071
25,6089
25,6145
25,6152
25,6157
25,6165
25,6180
25,6183
25,6185
25,6193
25,6196
25,6237
25,6240
25,6258
25,6270
25,6289
25,6291
25,6294
25,6296
25,6309
25,6310
25,6315
25,6326
25,6334
25,6352
25,6363
25,6373
25,6375
25,6386
25,6398
25,6435
25,6475
25,6487
25,6516
25,6524
25,6526
25,6546
25,6564
25,6567
25,6570
25,6589
25,6594
25,6610
25,6644
25,6656
25,6669
25,6671
25,6705
25,6707
25,6717
25,6756
25,6784
25,6785
25,6801
25,6814
25,6846
25,6851
25,6870
25,6873
25,6880
25,6902
25,6914
25,6928
25,6930
25,6931
25,6942
25,6943
25,7022
25,7055
25,7098
25,7100
25,7105
25,7107
25,7127
25,7128
25,7130
25,7191
25,7209
25,7222
25,7246
25,7251
25,7312
25,7316
25,7319
25,7331
25,7361
25,7389
25,7392
25,7399
25,7417
25,7430
25,7451
25,7479
25,7483
25,7486
25,7490
25,7509
25,7519
25,7567
25,7570
25,7581
25,7602
25,7603
25,7620
25,7621
25,7624
25,7626
25,7640
25,7668
25,7689
25,7721
25,7744
25,7745
25,7765
25,7767
25,7786
25,7801
25,7810
25,7832
25,7834
25,7855
25,7869
25,7878
25,7941
25,7964
25,7975
25,7976
25,7980
25,7998
25,8034
25,8047
25,8083
25,8085
25,8087
25,8097
25,8098
25,8099
25,8100
25,8107
25,8111
25,8112
25,8114
25,8134
25,8143
25,8149
25,8150
25,8167
25,8180
25,8183
25,8187
25,8226
25,8230
25,8250
25,8251
25,8261
25,8265
25,8283
25,8286
25,8291
25,8294
25,8307
25,8318
25,8323
25,8334
25,8336
25,8361
25,8373
25,8424
25,8456
25,8466
25,8494
25,8507
25,8510
25,8522
25,8540
25,8595
25,8597
25,8612
25,8613
25,8617
25,8628
25,8633
25,8646
25,8653
25,8670
25,8680
25,8691
25,8699
25,8707
25,8716
25,8731
25,8741
25,8759
25,8785
25,8790
25,8794
25,8797
25,8820
25,8852
25,8855
25,8865
25,8873
25,8909
25,8935
25,8959
25,8997
25,8999
25,9005
25,9019
25,9020
25,9026
25,9051
25,9055
25,9069
25,9100
25,9104
25,9107
25,9136
25,9140
25,9154
25,9165
25,9190
25,9201
25,9229
25,9237
25,9255
25,9261
25,9271
25,9304
25,9318
25,9321
25,9322
25,9324
25,9332
25,9350
25,9351
25,9368
25,9373
25,9385
25,9396
25,9403
25,9429
25,9433
25,9451
25,9484
25,9486
25,9512
25,9514
25,9539
25,9543
25,9558
25,9563
25,9581
25,9582
25,9594
25,9615
25,9634
25,9663
25,9695
25,9697
25,9703
25,9749
25,9760
25,9763
25,9770
25,9786
25,9787
25,9828
25,9931
25,9937
25,9938
25,9946
25,9968
25,9970
25,10002
25,10017
25,10068
25,10082
25,10110
25,10149
25,10159
25,10181
25,10183
25,10184
25,10185
25,10260
25,10263
25,10281
25,10326
25,10341
25,10343
25,10345
25,10360
25,10379
25,10395
25,10396
25,10406
25,10407
25,10423
25,10446
25,10451
25,10461
25,10476
25,10480
25,10483
25,10500
25,10504
25,10506
25,10552
25,10558
25,10595
25,10601
25,10626
25,10629
25,10635
25,10661
25,10666
25,10667
25,10668
25,10702
25,10712
25,10802
25,10818
25,10833
25,10850
25,10870
25,10872
25,10875
25,10895
25,10904
25,10912
25,10913
25,10926
25,10941
25,10957
25,10958
25,10988
25,11000
25,11005
25,11032
25,11039
25,11045
25,11050
25,11054
25,11100
25,11139
25,11169
25,11240
25,11244
25,11247
25,11256
25,11284
25,11312
25,11324
25,11326
25,11334
25,11343
25,11357
25,11362
25,11365
25,11434
25,11440
25,11458
25,11468
25,11476
25,11481
25,11492
25,11502
25,11514
25,11552
25,11570
25,11576
25,11614
25,11615
25,11626
25,11643
25,11654
25,11658
25,11688
25,11698
25,11710
25,11713
25,11730
25,11764
25,11768
25,11772
25,11792
25,11822
25,11834
25,11865
25,11868
25,11893
25,11895
25,11906
25,11951
25,11955
25,11966
25,11983
25,12067
25,12093
25,12095
25,12152
25,12158
25,12159
25,12166
25,12169
25,12213
25,12248
25,12256
25,12274
25,12279
25,12283
25,12289
25,12291
25,12330
25,12335
25,12367
25,12401
25,12406
25,12407
25,12409
25,12423
25,12435
25,12475
25,12478
25,12499
25,12512
25,12530
25,12544
25,12559
25,12590
25,12592
25,12599
25,12620
25,12651
25,12657
25,12664
25,12695
25,12749
25,12760
25,12772
25,12774
25,12792
25,12807
25,12811
25,12813
25,12814
25,12818
25,12887
25,12888
25,12890
25,12894
25,12900
25,12906
25,12932
25,12975
25,12984
25,12987
25,12992
25,13006
25,13016
25,13053
25,13056
25,13061
25,13068
25,13089
25,13120
25,13129
25,13139
25,13142
25,13149
25,13157
25,13167
25,13182
25,13186
25,13205
25,13213
25,13232
25,13243
25,13254
25,13264
25,13289
25,13297
25,13307
25,13310
25,13315
25,13339
25,13347
25,13363
25,13379
25,13381
25,13408
25,13421
25,13422
25,13426
25,13456
25,13463
25,13513
25,13545
25,13562
25,13566
25,13612
25,13619
25,13627
25,13634
25,13677
25,13703
25,13704
25,13718
25,13725
25,13739
25,13747
25,13754
25,13765
25,13775
25,13777
25,13802
25,13826
25,13831
25,13859
25,13861
25,13880
25,13883
25,13899
25,13907
25,13928
25,13931
25,13934
25,13941
25,13943
25,13965
25,13992
25,13993
25,13994
25,13997
25,14008
25,14022
25,14038
25,14052
25,14079
25,14084
25,14102
25,14109
25,14118
25,14152
25,14159
25,14164
25,14168
25,14172
25,14208
25,14220
25,14289
25,14298
25,14303
25,14309
25,14313
25,14326
25,14334
25,14357
25,14369
25,14371
25,14378
25,14396
25,14402
25,14403
25,14404
25,14409
25,14413
25,14424
25,14439
25,14450
25,14452
25,14456
25,14458
25,14464
25,14474
25,14486
25,14487
25,14491
25,14501
25,14506
25,14510
25,14518
25,14529
25,14545
25,14558
25,14576
25,14605
25,14609
25,14618
25,14621
25,14644
25,14650
25,14658
25,14666
25,14678
25,14715
25,14751
25,14757
25,14771
25,14773
25,14780
25,14832
25,14850
25,14857
25,14862
25,14870
25,14888
25,14893
25,14923
25,14951
25,14970
25,14999
25,15018
25,15020
25,15023
25,15026
25,15038
25,15059
25,15066
25,15076
25,15090
25,15118
25,15119
25,15133
25,15155
25,15156
25,15159
25,15205
25,15207
25,15246
25,15278
25,15295
25,15301
25,15336
25,15343
25,15347
25,15348
25,15365
25,15388
25,15393
25,15408
25,15412
25,15491
25,15494
25,15501
25,15512
25,15525
25,15535
25,15545
25,15566
25,15570
25,15589
25,15597
25,15619
25,15622
25,15623
25,15646
25,15653
25,15661
25,15673
25,15682
25,15685
25,15714
25,15718
25,15745
25,15761
25,15773
25,15780
25,15792
25,15796
25,15809
25,15857
25,15880
25,15885
25,15900
25,15907
25,15908
25,15914
25,15915
25,15933
25,15941
25,15958
25,15973
25,15976
25,16010
25,16022
25,16046
25,16090
25,16107
25,16150
25,16153
25,16156
25,16165
25,16191
25,16215
25,16216
25,16232
25,16234
25,16250
25,16262
25,16299
25,16319
25,16327
25,16338
25,16346
25,16355
25,16362
25,16374
