layer,feature,fire_fraction
0,289,0.985
0,344,0.875
0,799,0.87
0,861,1.0
0,981,0.908
0,1279,0.93
0,1281,0.975
0,1442,0.45
0,1466,0.683
0,1616,1.0
0,1734,1.0
0,2261,0.571
0,2370,0.18
0,2373,0.915
0,2546,1.0
0,2564,0.739
0,2686,0.965
0,2918,1.0
0,3019,1.0
0,3020,0.835
0,3069,0.485
0,3398,0.524
0,3489,0.86
0,3496,0.867
0,3587,0.17
0,3805,0.706
0,3893,1.0
0,3914,1.0
0,3922,0.485
0,3992,0.865
0,4115,1.0
0,4167,0.245
0,4369,0.925
0,4779,0.63
0,4809,0.756
0,5070,0.82
0,5195,1.0
0,5527,0.319
0,5540,0.496
0,5549,0.605
0,5610,0.83
0,5653,0.952
0,5913,0.98
0,6050,0.362
0,6066,0.476
0,6152,0.93
0,6357,0.839
0,6551,0.815
0,6596,0.856
0,6831,0.649
0,6972,0.703
0,7745,0.9
0,7766,0.354
0,8002,0.959
0,8072,0.994
0,8166,1.0
0,8267,1.0
0,8309,0.875
0,8570,0.985
0,8635,0.885
0,8714,0.984
0,8765,0.854
0,8806,1.0
0,8952,0.975
0,9120,0.98
0,9252,1.0
0,9332,0.729
0,9444,1.0
0,9518,0.859
0,9743,0.94
0,9762,0.72
0,9958,0.98
0,9968,0.571
0,10435,0.577
0,10591,0.254
0,10714,0.965
0,10916,0.704
0,10998,0.785
0,11003,0.725
0,11082,0.935
0,11153,0.53
0,11393,0.739
0,11428,0.272
0,11503,0.637
0,11509,1.0
0,11611,0.982
0,11690,0.835
0,11718,0.985
0,11741,1.0
0,11815,0.86
0,12182,0.89
0,12237,1.0
0,12281,0.525
0,12433,0.642
0,12532,0.731
0,12692,0.834
0,12705,0.67
0,12877,0.985
0,12954,0.376
0,13294,0.737
0,13581,1.0
0,13644,0.612
0,13653,0.769
0,13745,0.607
0,13800,0.905
0,13970,0.79
0,14487,0.62
0,14570,0.284
0,14681,1.0
0,14714,0.985
0,14718,0.745
0,14890,0.985
0,14928,1.0
0,14975,1.0
0,15086,0.985
0,15242,0.204
0,15330,0.741
0,15378,0.884
0,15493,0.356
0,15628,1.0
0,15867,0.98
0,16044,1.0
0,16310,0.935
0,16360,0.816
1,167,1.0
1,314,0.805
1,338,0.477
1,383,0.784
1,401,0.543
1,549,0.895
1,677,0.581
1,740,1.0
1,925,0.178
1,1074,0.951
1,1160,0.997
1,1184,0.697
1,1340,0.569
1,1639,0.419
1,1728,0.487
1,1752,0.94
1,2365,0.762
1,2573,0.715
1,2917,0.15
1,3295,0.047
1,3350,0.797
1,3497,0.937
1,3891,0.642
1,3943,0.251
1,4076,0.901
1,4331,0.58
1,4509,1.0
1,4597,0.96
1,4814,0.704
1,4989,0.78
1,5444,0.723
1,5851,0.175
1,5875,0.766
1,5909,0.63
1,6093,0.25
1,6144,0.378
1,6226,0.94
1,6292,0.88
1,6398,0.613
1,6636,0.249
1,6666,0.34
1,6855,0.644
1,6962,0.88
1,7201,0.642
1,7458,0.455
1,7472,0.95
1,7603,0.352
1,7608,0.568
1,7669,0.509
1,7991,0.26
1,8027,0.25
1,8456,0.43
1,8770,0.155
1,8849,0.357
1,8880,0.616
1,8967,0.735
1,9175,0.775
1,9195,0.785
1,9509,1.0
1,9774,0.97
1,9802,0.855
1,9924,0.261
1,10056,0.75
1,10327,0.085
1,10331,0.362
1,10833,0.618
1,10953,0.46
1,11158,0.83
1,11277,0.706
1,11332,0.576
1,11425,0.973
1,11673,0.744
1,11791,0.625
1,11936,0.82
1,11948,0.85
1,12015,0.432
1,12126,0.915
1,12200,0.389
1,12239,0.755
1,12335,0.29
1,12347,0.525
1,12458,0.352
1,12506,0.105
1,12806,0.24
1,12837,0.525
1,12874,1.0
1,13019,0.018
1,13021,0.604
1,13053,0.3
1,13084,0.509
1,13139,0.731
1,13216,0.791
1,13237,0.126
1,13259,0.287
1,13434,0.388
1,13443,0.696
1,13528,0.438
1,13624,0.68
1,13795,1.0
1,13886,0.442
1,14037,0.134
1,14182,0.62
1,14484,0.986
1,14696,0.49
1,14816,1.0
1,14885,0.443
1,15066,0.578
1,15096,0.484
1,15288,1.0
1,15488,0.147
1,15504,0.525
1,15521,0.21
1,15564,0.699
1,15654,0.575
1,15795,0.672
1,15936,0.185
1,16064,0.945
1,16160,0.785
1,16366,0.91
2,171,0.3
2,265,0.764
2,270,0.113
2,423,0.607
2,561,0.085
2,627,0.356
2,660,0.271
2,884,0.527
2,979,0.379
2,1230,0.402
2,1231,0.517
2,1333,0.522
2,1432,0.605
2,1486,0.266
2,1497,0.075
2,1546,0.513
2,1587,0.41
2,1854,0.355
2,1881,0.918
2,1924,0.267
2,2032,0.103
2,2080,0.281
2,2160,0.16
2,2349,0.292
2,2582,0.916
2,2630,0.135
2,2642,0.225
2,2644,0.214
2,2840,0.466
2,3252,0.521
2,3519,0.308
2,3572,0.907
2,3617,0.266
2,3729,0.905
2,3743,0.897
2,3792,0.143
2,3913,0.588
2,3922,1.0
2,3965,0.955
2,4000,0.095
2,4025,1.0
2,4075,0.237
2,4215,0.413
2,4277,0.372
2,4279,0.015
2,4282,0.17
2,4305,0.614
2,4334,0.035
2,4364,0.023
2,4445,0.308
2,4511,0.362
2,4533,0.778
2,4553,0.355
2,4595,0.842
2,5029,0.486
2,5105,1.0
2,5538,0.891
2,5767,0.949
2,5889,0.626
2,5902,0.515
2,6078,0.402
2,6174,0.312
2,6199,0.211
2,6230,0.8
2,6372,0.425
2,6594,0.259
2,6599,0.68
2,6647,0.79
2,6662,0.306
2,6821,0.405
2,6908,0.506
2,6919,0.467
2,6927,0.213
2,6936,0.47
2,6985,0.842
2,7087,0.709
2,7109,0.534
2,7180,0.633
2,7262,0.843
2,7300,0.4
2,7652,0.018
2,7823,0.315
2,7832,0.725
2,7911,0.663
2,7973,1.0
2,8069,0.627
2,8157,0.568
2,8177,0.544
2,8182,0.089
2,8234,0.489
2,8295,0.195
2,8335,0.507
2,8412,0.34
2,8641,0.654
2,8692,0.296
2,8714,0.898
2,8883,1.0
2,8911,0.092
2,9053,0.229
2,9067,0.068
2,9378,0.35
2,9386,0.401
2,9390,0.27
2,9434,0.426
2,9526,0.495
2,9640,0.659
2,9688,0.338
2,9742,0.752
2,9745,0.26
2,9780,0.483
2,9785,0.137
2,9786,0.354
2,9895,0.076
2,9916,0.545
2,10112,0.241
2,10157,0.97
2,10321,0.644
2,10412,0.983
2,10487,0.035
2,10528,1.0
2,10705,0.408
2,11186,0.728
2,11201,0.759
2,11410,0.093
2,11521,0.136
2,11681,0.055
2,11780,0.533
2,11830,1.0
2,11845,0.299
2,12074,0.167
2,12120,0.564
2,12173,0.45
2,12214,0.763
2,12245,0.162
2,12270,0.112
2,12309,0.515
2,12454,0.05
2,12715,0.92
2,12741,0.09
2,12789,0.31
2,12827,0.084
2,13328,0.79
2,13366,0.762
2,13487,0.457
2,13594,0.187
2,13625,0.268
2,13706,0.27
2,13837,0.235
2,14120,0.839
2,14391,0.07
2,14449,0.258
2,14547,0.474
2,14627,0.074
2,14638,0.058
2,14745,0.89
2,14793,0.835
2,14914,0.602
2,14985,0.075
2,15063,0.705
2,15155,1.0
2,15263,0.676
2,15393,0.51
2,15411,0.716
2,15492,0.985
2,15575,0.42
2,15634,0.879
2,15678,0.825
2,15856,0.76
2,15859,0.489
2,15881,0.338
2,15933,0.366
2,15957,0.658
2,16054,1.0
2,16140,0.196
2,16147,0.233
2,16168,0.065
2,16345,0.275
3,213,0.175
3,282,1.0
3,300,0.419
3,350,0.805
3,537,0.173
3,538,0.243
3,662,0.115
3,755,1.0
3,841,0.611
3,905,0.308
3,1008,0.13
3,1025,0.485
3,1036,0.26
3,1082,0.257
3,1416,0.344
3,1541,0.304
3,1599,0.191
3,1702,0.51
3,1984,1.0
3,1996,0.653
3,2031,0.607
3,2067,0.885
3,2170,0.351
3,2486,0.07
3,2511,0.395
3,2618,0.395
3,2647,0.27
3,2683,0.45
3,2829,0.602
3,2895,0.235
3,3108,0.485
3,3218,0.09
3,3235,0.455
3,3322,0.729
3,3388,0.482
3,3564,0.071
3,3592,0.435
3,3600,0.778
3,3693,0.09
3,3715,0.58
3,3730,0.97
3,3752,0.613
3,3796,0.285
3,3874,0.825
3,4015,0.271
3,4106,0.133
3,4305,0.574
3,4331,0.685
3,4533,0.335
3,4589,0.112
3,4810,0.299
3,4881,0.058
3,4963,0.106
3,4978,0.27
3,5013,0.11
3,5022,0.61
3,5106,0.18
3,5218,0.212
3,5262,0.507
3,5282,0.12
3,5557,0.155
3,5560,0.175
3,5610,0.171
3,5647,0.39
3,5750,0.71
3,5751,0.339
3,5757,1.0
3,6127,0.392
3,6272,0.725
3,6535,0.632
3,6567,0.195
3,7089,0.153
3,7116,0.447
3,7326,0.145
3,7418,0.632
3,7447,0.185
3,7591,0.331
3,7640,0.428
3,7767,0.613
3,7851,0.807
3,8080,0.238
3,8097,0.25
3,8193,0.074
3,8475,0.2
3,8487,0.54
3,8519,0.082
3,8748,0.585
3,8774,0.33
3,8829,0.705
3,8845,0.26
3,8914,0.615
3,9127,0.727
3,9286,0.593
3,9326,1.0
3,9572,0.167
3,9659,0.557
3,9660,0.559
3,9774,0.141
3,9822,0.532
3,9967,0.11
3,9969,0.985
3,10124,0.119
3,10358,0.48
3,10458,0.178
3,10608,0.27
3,10734,0.31
3,10760,0.407
3,10850,0.823
3,10953,0.385
3,11052,0.193
3,11054,0.606
3,11121,0.595
3,11163,0.386
3,11193,0.53
3,11226,0.609
3,11232,0.298
3,11233,0.18
3,11367,0.035
3,11398,0.672
3,11759,0.36
3,11820,0.153
3,11826,0.456
3,12046,0.195
3,12120,0.528
3,12132,0.798
3,12133,0.219
3,12214,0.164
3,12319,0.791
3,12345,0.245
3,12406,0.178
3,12453,0.651
3,12539,0.994
3,12567,0.053
3,12647,0.776
3,12918,0.542
3,12935,0.541
3,12966,0.605
3,12984,0.295
3,12986,0.225
3,13173,0.085
3,13241,0.992
3,13251,0.755
3,13286,0.29
3,13347,0.414
3,13372,0.232
3,13501,0.523
3,13535,0.94
3,13615,0.6
3,13691,0.127
3,13829,0.895
3,13843,0.867
3,13915,0.38
3,13958,0.87
3,13993,0.035
3,14039,0.315
3,14042,0.376
3,14179,0.803
3,14227,0.424
3,14355,0.035
3,14502,0.728
3,14585,0.12
3,14628,0.45
3,14728,0.175
3,14751,0.789
3,15023,0.09
3,15035,0.674
3,15102,0.423
3,15112,0.4
3,15113,0.015
3,15157,0.984
3,15210,0.335
3,15302,0.887
3,15355,0.396
3,15389,0.231
3,15434,0.73
3,15523,0.966
3,15615,0.204
3,15740,0.292
3,15799,0.784
3,15822,0.385
3,15858,0.388
3,15872,0.27
3,16074,0.33
3,16160,0.512
3,16228,0.175
3,16238,0.413
3,16374,0.204
4,173,0.085
4,385,0.035
4,530,0.568
4,549,0.145
4,598,0.465
4,759,0.115
4,791,0.2
4,972,0.742
4,979,0.245
4,1002,0.282
4,1024,0.15
4,1188,0.078
4,1223,0.015
4,1498,1.0
4,1502,0.644
4,1504,0.129
4,1597,0.199
4,1647,1.0
4,1787,0.13
4,1929,0.107
4,2034,0.666
4,2044,0.232
4,2329,0.843
4,2421,0.132
4,2489,0.532
4,2533,0.3
4,2616,0.166
4,2728,0.354
4,2769,0.952
4,2773,0.127
4,2888,0.647
4,3196,0.05
4,3226,0.558
4,3361,0.055
4,3554,0.158
4,3776,0.544
4,3970,0.416
4,4325,0.5
4,4376,0.336
4,4485,0.351
4,4593,0.126
4,4762,1.0
4,4847,0.951
4,4911,0.39
4,4943,0.985
4,4971,0.317
4,4977,0.232
4,5031,0.183
4,5133,0.015
4,5182,0.478
4,5546,0.191
4,5599,0.075
4,5617,0.23
4,5651,0.573
4,5689,0.06
4,5718,0.518
4,5857,0.04
4,5939,0.06
4,5988,0.245
4,6020,0.07
4,6026,0.994
4,6037,0.288
4,6105,0.411
4,6321,0.231
4,6388,0.843
4,6535,0.189
4,6536,0.128
4,6567,0.03
4,6589,0.896
4,6723,0.554
4,6741,1.0
4,6892,0.841
4,6961,0.545
4,7035,0.971
4,7142,0.286
4,7165,0.484
4,7191,0.425
4,7240,0.18
4,7455,0.587
4,7498,0.132
4,7554,0.952
4,7643,1.0
4,7940,0.295
4,7956,0.344
4,8085,0.673
4,8097,0.753
4,8143,0.015
4,8159,0.035
4,8185,0.187
4,8302,0.26
4,8307,0.445
4,8383,0.197
4,8459,0.02
4,8497,0.15
4,8515,0.234
4,9037,0.06
4,9189,0.049
4,9196,0.832
4,9222,0.544
4,9283,0.249
4,9548,1.0
4,9563,0.245
4,9646,0.57
4,9672,0.373
4,9720,1.0
4,9767,0.083
4,9807,0.085
4,10244,0.234
4,10445,0.394
4,10593,0.351
4,10634,0.393
4,10833,0.251
4,10962,0.315
4,11068,0.105
4,11078,0.119
4,11106,0.045
4,11113,0.335
4,11242,0.916
4,11253,0.415
4,11290,0.152
4,11446,0.571
4,11471,0.516
4,11545,0.11
4,11591,0.06
4,12196,0.486
4,12258,0.05
4,12259,0.21
4,12355,0.675
4,12514,0.247
4,12524,0.275
4,12578,1.0
4,12589,0.903
4,12718,0.061
4,12767,0.035
4,12773,0.985
4,12809,0.359
4,12897,0.64
4,13106,0.626
4,13173,0.306
4,13228,0.035
4,13312,0.399
4,13350,0.579
4,13397,0.319
4,13430,0.32
4,13638,0.637
4,13706,0.3
4,13888,0.264
4,14128,0.075
4,14246,0.092
4,14300,0.015
4,14364,0.03
4,14408,1.0
4,14422,0.979
4,14491,0.015
4,14598,1.0
4,14744,0.109
4,15088,0.325
4,15094,0.167
4,15284,0.089
4,15679,0.316
4,15711,0.03
4,15725,0.263
4,15740,0.165
4,15821,0.2
4,15874,0.183
4,16012,0.05
4,16089,0.218
4,16337,0.321
5,95,0.321
5,102,0.129
5,300,0.17
5,574,0.09
5,704,1.0
5,822,0.035
5,829,0.055
5,849,0.04
5,879,0.252
5,1105,0.185
5,1127,0.392
5,1305,0.045
5,1544,0.144
5,1624,0.979
5,1717,0.183
5,1773,0.231
5,1890,0.063
5,2017,0.045
5,2040,0.072
5,2182,0.03
5,2293,0.719
5,2326,0.64
5,2339,0.084
5,2353,0.468
5,2515,0.355
5,2677,0.046
5,2711,0.181
5,2737,0.984
5,2765,0.434
5,2790,0.217
5,2876,0.409
5,2908,1.0
5,2914,0.926
5,3242,0.424
5,3261,0.328
5,3425,0.205
5,3578,0.536
5,3808,0.1
5,3895,0.561
5,4058,0.496
5,4169,0.015
5,4178,0.364
5,4318,0.277
5,4438,0.18
5,4612,0.065
5,4664,0.04
5,4858,0.207
5,5031,0.014
5,5167,0.032
5,5230,0.175
5,5231,0.119
5,5242,0.169
5,5368,0.035
5,5463,0.284
5,5765,0.237
5,5869,0.015
5,6109,0.242
5,6260,0.088
5,6404,1.0
5,6574,0.168
5,6672,0.067
5,6690,0.055
5,6713,0.964
5,6785,0.186
5,7036,0.296
5,7257,0.569
5,7264,0.035
5,7274,0.09
5,7320,0.05
5,7333,0.185
5,7429,0.185
5,7473,0.72
5,7485,0.583
5,7503,0.604
5,7787,0.799
5,7881,0.991
5,8253,0.165
5,8411,0.014
5,8530,0.105
5,8731,0.396
5,8743,0.1
5,8749,0.258
5,8971,0.142
5,9043,0.17
5,9084,0.183
5,9205,0.862
5,9290,0.03
5,9875,0.129
5,9973,0.147
5,9988,0.336
5,10162,0.997
5,10679,0.194
5,10789,0.46
5,10852,0.319
5,10922,0.129
5,10936,0.223
5,10953,0.983
5,10980,0.015
5,11088,0.015
5,11332,0.649
5,11345,0.121
5,11376,0.1
5,11455,0.457
5,11463,0.233
5,11470,0.074
5,11650,0.889
5,11752,0.794
5,11910,0.061
5,11922,0.199
5,11926,0.081
5,11933,0.172
5,12024,0.055
5,12051,0.114
5,12268,0.393
5,12455,0.536
5,12469,0.463
5,12648,0.075
5,12857,0.101
5,12952,0.17
5,12954,0.067
5,13354,0.196
5,13652,0.051
5,13661,0.025
5,13789,0.819
5,13807,0.174
5,13902,0.038
5,13956,0.237
5,14143,0.15
5,14210,0.751
5,14419,0.185
5,14464,0.221
5,15013,0.545
5,15060,1.0
5,15246,0.085
5,15375,0.075
5,15470,0.108
5,15526,0.367
5,15996,0.266
5,16034,0.079
5,16185,0.04
5,16236,0.558
5,16240,0.014
6,120,0.245
6,164,0.03
6,196,1.0
6,216,0.17
6,238,0.081
6,369,0.065
6,475,0.024
6,565,0.096
6,612,0.126
6,698,0.25
6,990,0.02
6,1004,0.02
6,1109,0.991
6,1187,0.883
6,1266,0.023
6,1291,0.218
6,1295,0.15
6,1316,0.064
6,1367,1.0
6,1393,0.16
6,1445,0.251
6,1467,0.258
6,1576,0.067
6,1622,0.358
6,1797,0.145
6,1833,0.377
6,1860,0.527
6,2074,0.121
6,2117,0.223
6,2120,1.0
6,2143,0.027
6,2154,0.749
6,2180,1.0
6,2465,0.165
6,2625,0.17
6,2879,0.139
6,2932,0.167
6,2958,0.245
6,2998,0.319
6,3134,0.278
6,3178,0.015
6,3181,0.429
6,3244,0.976
6,3260,0.528
6,3374,0.068
6,3592,0.187
6,3612,0.61
6,3629,0.306
6,3688,0.088
6,3706,0.024
6,3745,0.885
6,3765,0.612
6,3919,0.714
6,3976,1.0
6,4072,0.05
6,4084,0.293
6,4088,0.222
6,4147,0.795
6,4198,0.403
6,4236,0.204
6,4327,0.249
6,4333,0.211
6,4388,0.265
6,4439,0.194
6,4443,0.035
6,4677,0.353
6,4783,0.143
6,4936,0.81
6,4945,0.349
6,4994,0.048
6,5182,0.405
6,5204,0.063
6,5313,0.05
6,5354,0.366
6,5661,0.348
6,5748,0.357
6,5763,0.047
6,5859,0.537
6,5889,0.233
6,5970,0.06
6,5988,0.715
6,5989,0.213
6,6069,0.565
6,6299,0.769
6,6337,0.049
6,6396,0.989
6,6477,0.185
6,6482,0.131
6,6624,0.3
6,6634,0.283
6,6746,0.1
6,6780,0.053
6,6838,0.015
6,6921,0.066
6,6953,0.976
6,7055,0.634
6,7090,0.689
6,7245,0.318
6,7372,0.685
6,7381,0.227
6,7424,0.121
6,7449,0.297
6,7539,0.05
6,7930,0.055
6,7932,0.22
6,7951,0.408
6,7969,0.111
6,8474,0.075
6,8514,0.119
6,8614,1.0
6,8622,0.155
6,8725,0.22
6,8767,0.115
6,9119,0.016
6,9143,0.044
6,9286,0.05
6,9380,0.987
6,9598,0.172
6,9691,0.638
6,9756,0.068
6,9853,0.195
6,9872,0.866
6,9947,0.083
6,9985,0.015
6,9991,0.22
6,10103,0.542
6,10171,1.0
6,10209,0.352
6,10210,0.341
6,10245,0.509
6,10259,0.015
6,10267,0.015
6,10533,0.133
6,10571,0.05
6,10621,0.02
6,10694,0.655
6,10711,0.106
6,10782,0.015
6,10783,0.045
6,10790,0.249
6,10843,0.388
6,10895,0.934
6,10926,0.908
6,10938,0.143
6,11071,0.142
6,11106,0.552
6,11125,0.385
6,11155,0.216
6,11339,0.317
6,11462,0.298
6,11643,0.591
6,11647,0.325
6,11759,0.157
6,11817,0.749
6,11877,0.598
6,11926,0.075
6,11931,0.363
6,12030,0.062
6,12079,0.185
6,12106,0.748
6,12127,0.05
6,12132,0.075
6,12154,0.146
6,12361,0.512
6,12614,0.792
6,12772,0.06
6,12789,0.083
6,12792,0.015
6,12822,1.0
6,13243,0.02
6,13251,0.248
6,13438,0.244
6,13513,0.149
6,13525,0.312
6,13617,0.415
6,13619,0.972
6,13652,0.997
6,13671,0.051
6,13708,1.0
6,13744,0.039
6,13778,0.168
6,13807,0.478
6,13831,0.015
6,13943,0.991
6,14068,0.315
6,14211,0.069
6,14332,1.0
6,14355,0.229
6,14657,0.967
6,14744,0.134
6,14750,0.105
6,14906,0.03
6,14995,0.146
6,15068,0.024
6,15294,0.205
6,15315,0.975
6,15324,0.297
6,15389,0.21
6,15391,0.018
6,15730,0.942
6,15796,0.072
6,15839,0.015
6,15894,0.182
6,15944,0.13
6,16026,0.207
6,16135,0.05
6,16327,0.199
6,16359,0.276
6,16369,0.028
7,37,0.03
7,57,0.027
7,145,0.013
7,206,0.252
7,230,0.188
7,261,1.0
7,311,0.012
7,329,0.548
7,333,0.086
7,377,0.298
7,500,0.082
7,535,0.883
7,557,0.055
7,618,0.17
7,643,0.91
7,768,0.106
7,806,0.235
7,920,0.017
7,1138,0.153
7,1140,0.131
7,1162,0.06
7,1193,0.03
7,1202,0.384
7,1243,0.344
7,1267,0.064
7,1303,0.015
7,1373,0.994
7,1443,0.06
7,1446,0.039
7,1454,0.151
7,1569,0.02
7,1637,0.102
7,1666,0.099
7,1732,0.027
7,1792,0.122
7,1851,0.37
7,2058,0.056
7,2088,0.015
7,2106,0.137
7,2112,0.254
7,2150,0.021
7,2164,0.235
7,2186,0.015
7,2230,0.015
7,2240,0.104
7,2267,0.577
7,2271,0.062
7,2282,0.095
7,2307,0.156
7,2318,0.08
7,2343,0.086
7,2359,0.056
7,2362,0.316
7,2365,0.012
7,2398,1.0
7,2418,0.215
7,2440,0.417
7,2443,0.02
7,2466,0.021
7,2468,0.04
7,2509,0.104
7,2549,0.012
7,2586,0.257
7,2595,0.015
7,2599,0.035
7,2630,0.057
7,2748,0.095
7,2814,0.097
7,2998,0.645
7,3114,0.239
7,3206,0.022
7,3248,0.21
7,3306,0.1
7,3375,0.03
7,3402,0.189
7,3437,0.02
7,3456,0.015
7,3472,0.06
7,3481,0.202
7,3509,0.02
7,3518,0.218
7,3555,0.016
7,3572,0.024
7,3574,0.024
7,3704,0.19
7,3708,0.015
7,3781,0.02
7,3798,0.861
7,3814,0.112
7,3821,0.015
7,3831,0.05
7,3843,0.125
7,3881,0.031
7,3904,0.071
7,3925,0.07
7,4063,0.035
7,4096,0.22
7,4110,0.082
7,4117,0.065
7,4121,1.0
7,4149,0.234
7,4164,0.065
7,4173,0.072
7,4200,0.015
7,4284,0.085
7,4320,0.047
7,4333,0.053
7,4387,0.252
7,4415,0.075
7,4497,0.473
7,4542,0.035
7,4554,0.23
7,4573,0.053
7,4683,0.196
7,4714,0.259
7,4750,0.046
7,4770,0.763
7,4787,0.481
7,4803,0.035
7,4808,0.065
7,4838,0.053
7,4852,0.03
7,4896,0.047
7,4940,0.112
7,4980,0.015
7,5037,0.318
7,5038,0.105
7,5076,0.168
7,5081,0.051
7,5167,0.02
7,5327,0.029
7,5389,0.015
7,5393,0.175
7,5530,0.869
7,5679,0.046
7,5720,0.047
7,5731,0.235
7,5809,0.119
7,5835,0.27
7,5943,0.215
7,6005,0.042
7,6011,0.05
7,6076,0.985
7,6145,0.045
7,6147,0.823
7,6153,0.023
7,6175,0.066
7,6212,0.065
7,6279,0.016
7,6291,0.057
7,6311,0.555
7,6326,0.792
7,6333,0.03
7,6372,0.02
7,6427,0.075
7,6459,0.413
7,6498,0.106
7,6620,0.205
7,6649,0.294
7,6713,0.629
7,6732,0.563
7,6847,0.047
7,6883,0.177
7,6927,0.214
7,6939,0.078
7,7011,0.015
7,7028,0.092
7,7170,0.033
7,7232,0.055
7,7301,0.015
7,7331,0.079
7,7339,0.043
7,7349,0.089
7,7487,0.015
7,7491,0.035
7,7504,0.035
7,7525,0.102
7,7531,0.123
7,7572,0.184
7,7624,0.035
7,7719,0.656
7,7744,0.045
7,7749,0.015
7,7845,0.93
7,7885,0.773
7,7938,0.015
7,7939,0.51
7,7948,0.06
7,7954,0.012
7,7969,0.05
7,8051,0.33
7,8074,0.02
7,8126,0.357
7,8136,0.012
7,8145,0.067
7,8156,0.538
7,8183,0.305
7,8192,0.015
7,8225,0.016
7,8291,0.244
7,8310,0.074
7,8422,0.25
7,8430,0.035
7,8432,0.293
7,8750,0.05
7,8761,0.045
7,8818,0.096
7,8943,0.011
7,9003,0.015
7,9005,0.615
7,9161,0.165
7,9183,0.589
7,9247,0.158
7,9263,0.071
7,9280,0.042
7,9285,0.305
7,9342,0.015
7,9345,0.552
7,9356,0.015
7,9484,0.218
7,9523,0.04
7,9532,0.03
7,9538,0.036
7,9540,0.035
7,9566,0.207
7,9579,0.113
7,9586,0.052
7,9624,0.06
7,9748,0.357
7,9760,0.015
7,9765,0.176
7,9793,0.039
7,9803,0.101
7,9817,0.339
7,9837,0.057
7,9880,0.036
7,9888,0.015
7,9951,0.045
7,10064,0.18
7,10075,0.173
7,10115,0.414
7,10179,0.803
7,10215,0.018
7,10229,0.997
7,10304,0.976
7,10306,0.015
7,10319,0.101
7,10325,0.067
7,10377,0.18
7,10410,0.2
7,10418,0.661
7,10482,0.983
7,10553,0.172
7,10676,0.102
7,10692,0.17
7,10718,0.099
7,10757,0.015
7,10803,0.138
7,10811,0.2
7,10836,0.09
7,10881,0.473
7,10891,0.146
7,10895,0.09
7,10899,0.02
7,10920,0.509
7,10984,0.1
7,11063,1.0
7,11096,0.408
7,11202,0.915
7,11209,0.077
7,11309,0.203
7,11329,0.218
7,11330,0.048
7,11354,0.02
7,11378,0.015
7,11388,0.015
7,11474,0.966
7,11552,0.06
7,11595,0.354
7,11612,0.087
7,11647,0.02
7,11675,0.028
7,11677,0.155
7,11720,0.025
7,11760,0.03
7,11765,0.203
7,11776,0.036
7,11822,0.102
7,11855,0.03
7,11994,0.071
7,12120,0.261
7,12130,0.084
7,12172,0.027
7,12183,0.02
7,12215,0.09
7,12216,0.02
7,12251,0.178
7,12281,0.154
7,12302,0.035
7,12311,0.106
7,12317,0.02
7,12380,0.085
7,12401,0.141
7,12556,0.087
7,12559,0.168
7,12575,0.145
7,12598,0.012
7,12641,0.015
7,12700,0.065
7,12703,0.051
7,12740,0.175
7,12741,0.136
7,12743,0.132
7,12771,0.98
7,12871,0.035
7,12925,0.035
7,12963,0.04
7,12969,0.035
7,13057,0.015
7,13058,0.185
7,13113,0.027
7,13140,0.02
7,13155,1.0
7,13210,0.015
7,13266,0.155
7,13274,0.038
7,13326,0.099
7,13394,0.035
7,13415,0.157
7,13470,0.357
7,13477,0.282
7,13505,0.137
7,13564,0.059
7,13577,0.055
7,13609,0.162
7,13687,0.281
7,13727,0.165
7,13810,1.0
7,13821,0.907
7,13953,0.035
7,13965,0.164
7,13999,0.67
7,14041,0.129
7,14084,0.307
7,14116,0.065
7,14149,0.97
7,14180,0.187
7,14244,0.111
7,14245,0.015
7,14285,0.172
7,14352,0.03
7,14404,0.147
7,14451,0.015
7,14454,0.065
7,14518,0.03
7,14530,0.02
7,14541,0.047
7,14559,0.02
7,14593,1.0
7,14672,0.131
7,14700,0.135
7,14704,0.019
7,14723,0.02
7,14725,0.14
7,14751,0.035
7,14838,0.075
7,14862,0.113
7,14954,0.066
7,15145,0.035
7,15186,0.533
7,15241,0.463
7,15259,0.086
7,15357,0.035
7,15360,0.229
7,15365,0.177
7,15367,0.172
7,15377,0.05
7,15389,0.02
7,15403,0.07
7,15406,0.015
7,15409,0.159
7,15485,0.949
7,15495,0.213
7,15525,0.057
7,15533,0.063
7,15543,0.09
7,15599,0.052
7,15613,0.039
7,15751,0.2
7,15779,0.08
7,15788,0.055
7,15865,0.015
7,15872,0.815
7,15873,0.15
7,15892,0.032
7,15898,0.15
7,16103,0.044
7,16173,0.02
7,16208,0.021
7,16268,0.044
7,16346,0.03
7,16362,0.027
7,16369,0.088
7,16382,0.042
8,222,0.018
8,580,0.317
8,620,0.128
8,657,0.407
8,862,0.419
8,869,0.417
8,1012,0.018
8,1056,0.544
8,1066,0.454
8,1137,0.056
8,1188,0.353
8,1264,0.338
8,1288,0.111
8,1419,0.046
8,1500,0.015
8,1636,0.148
8,1740,0.445
8,1822,0.167
8,1980,0.143
8,2176,0.108
8,2220,0.498
8,2311,0.055
8,2355,0.122
8,2533,0.928
8,2634,0.016
8,2746,0.074
8,2760,0.849
8,2902,0.075
8,2921,0.757
8,2935,0.06
8,2938,0.25
8,3024,0.185
8,3046,0.072
8,3072,0.489
8,3242,0.049
8,3254,1.0
8,3347,0.991
8,3355,0.065
8,3542,0.072
8,3623,0.015
8,3731,0.297
8,3783,0.381
8,3826,0.035
8,3831,0.201
8,3925,0.021
8,4074,0.012
8,4079,0.073
8,4137,0.012
8,4151,1.0
8,4433,0.015
8,4436,0.34
8,4491,0.026
8,4623,0.276
8,4658,0.427
8,4691,0.818
8,4705,0.262
8,4798,0.21
8,4830,0.933
8,4873,0.052
8,4881,0.17
8,5100,0.745
8,5219,0.308
8,5233,0.321
8,5314,0.015
8,5387,0.554
8,5417,0.078
8,5459,0.234
8,5494,0.282
8,5663,0.309
8,5668,0.789
8,5689,0.129
8,5763,0.015
8,5768,0.15
8,5775,0.173
8,5789,0.244
8,5801,0.267
8,5872,0.028
8,6020,0.286
8,6064,0.135
8,6128,0.135
8,6194,0.948
8,6216,0.144
8,6243,0.048
8,6284,0.072
8,6307,0.109
8,6315,0.72
8,6626,0.29
8,6631,0.044
8,6747,0.574
8,6904,0.144
8,7013,0.134
8,7074,0.105
8,7219,0.099
8,7269,0.156
8,7338,1.0
8,7348,0.529
8,7357,0.638
8,7512,0.447
8,7680,0.979
8,7817,0.038
8,7882,0.483
8,7912,0.05
8,8149,0.81
8,8205,0.115
8,8322,0.278
8,8658,0.104
8,9209,0.235
8,9237,0.03
8,9281,0.03
8,9326,0.312
8,9420,0.108
8,9520,0.194
8,9758,0.576
8,9770,0.905
8,9803,1.0
8,9848,0.04
8,9874,0.259
8,10003,0.052
8,10132,1.0
8,10267,0.947
8,10472,0.07
8,10623,0.147
8,10651,0.857
8,10971,0.192
8,11005,0.031
8,11067,0.041
8,11357,0.874
8,11373,0.991
8,11445,0.092
8,11446,0.178
8,11458,1.0
8,11487,0.015
8,11596,0.11
8,11603,0.851
8,11661,0.042
8,11978,0.09
8,12079,0.274
8,12121,0.452
8,12155,0.645
8,12212,0.939
8,12262,0.191
8,12263,0.303
8,12368,0.068
8,12425,0.064
8,12653,0.522
8,12730,0.333
8,12735,0.205
8,12994,0.307
8,13305,0.15
8,13361,0.108
8,13382,0.035
8,13600,0.141
8,13606,0.241
8,13656,0.437
8,13685,0.055
8,13775,0.049
8,13829,0.176
8,13830,0.99
8,13919,0.114
8,14217,0.101
8,14337,0.987
8,14445,0.298
8,14576,0.03
8,14685,0.072
8,14752,0.03
8,14857,0.146
8,14987,0.225
8,15033,0.219
8,15042,0.065
8,15074,0.085
8,15089,1.0
8,15289,0.012
8,15296,0.015
8,15304,0.072
8,15337,0.139
8,15346,0.165
8,15442,0.208
8,15450,0.444
8,15558,0.184
8,15581,0.235
8,15598,0.262
8,15630,0.688
8,15855,0.198
8,15933,0.457
8,15968,0.042
8,16047,0.302
8,16138,0.275
8,16168,0.13
8,16175,0.547
8,16262,0.482
8,16301,0.401
8,16346,0.896
8,16347,0.012
8,16361,0.02
9,18,0.015
9,21,0.053
9,29,0.02
9,38,0.199
9,44,0.076
9,49,0.126
9,80,0.015
9,176,0.075
9,177,0.041
9,198,0.14
9,201,0.011
9,212,0.393
9,292,0.201
9,298,0.107
9,300,0.285
9,372,0.126
9,383,0.017
9,444,0.043
9,448,0.015
9,484,0.273
9,515,0.815
9,519,0.166
9,523,0.02
9,587,0.015
9,616,0.02
9,627,0.035
9,655,0.039
9,683,0.15
9,692,0.036
9,695,0.045
9,700,0.198
9,709,0.027
9,724,0.015
9,725,0.487
9,739,0.136
9,741,0.165
9,772,0.03
9,778,0.047
9,813,0.035
9,816,0.188
9,838,0.415
9,840,0.075
9,868,0.096
9,878,0.019
9,903,0.3
9,907,0.195
9,924,0.024
9,933,0.135
9,963,0.388
9,1001,0.065
9,1012,0.217
9,1034,0.02
9,1043,0.061
9,1093,0.015
9,1116,0.025
9,1182,0.035
9,1197,0.015
9,1217,0.012
9,1218,0.058
9,1258,0.184
9,1284,0.015
9,1354,0.021
9,1362,0.03
9,1364,0.035
9,1369,0.012
9,1370,0.03
9,1371,0.143
9,1390,0.935
9,1410,0.307
9,1448,0.089
9,1465,0.015
9,1487,0.045
9,1490,0.11
9,1494,0.011
9,1498,0.985
9,1500,0.616
9,1514,0.095
9,1536,0.096
9,1548,0.012
9,1564,0.222
9,1623,0.075
9,1633,0.154
9,1660,0.05
9,1669,0.041
9,1702,0.015
9,1733,0.197
9,1781,0.041
9,1792,0.02
9,1796,0.038
9,1818,0.188
9,1824,0.066
9,1853,0.015
9,1873,0.053
9,1918,0.041
9,1920,0.02
9,2005,0.015
9,2033,0.429
9,2037,0.087
9,2085,0.035
9,2089,0.012
9,2099,0.035
9,2118,0.285
9,2125,0.543
9,2159,0.03
9,2187,0.023
9,2191,0.019
9,2197,0.165
9,2208,0.045
9,2222,0.018
9,2234,0.047
9,2259,0.02
9,2271,0.347
9,2291,0.652
9,2301,0.075
9,2307,0.016
9,2318,0.02
9,2348,0.434
9,2395,0.036
9,2418,0.06
9,2422,0.015
9,2429,0.097
9,2440,0.015
9,2451,0.029
9,2456,0.17
9,2458,0.065
9,2497,0.17
9,2522,0.015
9,2527,0.047
9,2540,0.02
9,2564,0.142
9,2583,0.021
9,2622,0.102
9,2641,0.042
9,2670,0.062
9,2677,0.091
9,2682,0.258
9,2686,0.058
9,2746,0.891
9,2783,0.09
9,2805,0.056
9,2814,0.041
9,2823,0.023
9,2852,0.1
9,2880,0.017
9,2894,0.015
9,2908,0.057
9,2973,0.015
9,2979,0.02
9,2985,0.056
9,2988,0.036
9,2993,0.056
9,2995,0.02
9,3003,0.015
9,3042,0.044
9,3051,0.015
9,3071,0.17
9,3094,0.985
9,3109,0.02
9,3116,0.102
9,3123,0.043
9,3137,0.032
9,3144,0.17
9,3162,0.173
9,3187,0.06
9,3198,0.033
9,3208,0.023
9,3223,0.05
9,3231,0.015
9,3234,0.038
9,3235,0.02
9,3256,0.612
9,3264,0.966
9,3269,0.054
9,3271,0.095
9,3288,0.046
9,3346,0.784
9,3361,0.042
9,3396,0.02
9,3410,0.098
9,3489,0.271
9,3500,0.135
9,3521,0.09
9,3532,0.027
9,3545,0.042
9,3555,0.014
9,3556,0.021
9,3572,0.204
9,3582,0.027
9,3626,0.035
9,3652,0.015
9,3658,0.096
9,3669,0.994
9,3677,0.036
9,3683,0.068
9,3699,0.024
9,3713,0.11
9,3721,0.157
9,3725,0.026
9,3727,0.051
9,3729,0.313
9,3742,0.015
9,3757,0.015
9,3793,0.04
9,3808,0.919
9,3850,0.015
9,3859,0.02
9,3884,0.083
9,3941,0.012
9,3949,0.114
9,3965,0.103
9,3976,0.012
9,3977,0.164
9,4000,0.05
9,4058,0.054
9,4075,0.22
9,4110,0.035
9,4125,0.317
9,4147,0.012
9,4186,1.0
9,4196,0.015
9,4229,0.066
9,4234,0.082
9,4250,0.02
9,4278,0.289
9,4305,0.02
9,4319,0.026
9,4332,0.069
9,4345,0.169
9,4354,0.085
9,4365,0.035
9,4383,0.015
9,4420,0.052
9,4444,0.044
9,4456,0.024
9,4479,0.012
9,4530,0.3
9,4537,0.212
9,4572,0.44
9,4582,0.015
9,4586,0.067
9,4602,0.015
9,4638,0.045
9,4666,0.026
9,4710,0.015
9,4717,0.833
9,4752,0.049
9,4754,0.095
9,4758,0.034
9,4771,0.602
9,4806,0.244
9,4807,0.231
9,4825,0.061
9,4853,0.15
9,4865,0.095
9,4883,0.035
9,4930,0.075
9,4938,0.015
9,4998,0.02
9,5027,0.012
9,5037,0.073
9,5038,0.093
9,5054,0.06
9,5073,0.084
9,5080,0.051
9,5082,0.292
9,5094,0.02
9,5099,0.133
9,5107,0.03
9,5114,0.085
9,5115,0.032
9,5140,0.173
9,5157,0.02
9,5159,0.054
9,5180,0.03
9,5206,0.104
9,5208,0.093
9,5250,0.136
9,5273,0.063
9,5335,0.054
9,5378,0.049
9,5390,0.133
9,5406,0.218
9,5407,0.155
9,5420,0.12
9,5444,0.04
9,5468,0.113
9,5529,0.139
9,5531,0.02
9,5536,0.07
9,5548,0.035
9,5549,0.121
9,5574,0.135
9,5587,0.256
9,5591,0.174
9,5627,0.035
9,5648,0.571
9,5759,0.012
9,5789,0.19
9,5834,0.245
9,5836,0.223
9,5849,0.071
9,5857,0.032
9,5878,0.311
9,5908,0.015
9,5916,0.024
9,5965,0.099
9,6002,0.05
9,6079,0.051
9,6085,0.306
9,6099,0.013
9,6116,0.05
9,6140,0.035
9,6165,0.12
9,6221,0.015
9,6223,0.03
9,6239,0.015
9,6247,0.756
9,6262,0.015
9,6276,0.015
9,6282,0.116
9,6306,0.023
9,6322,0.05
9,6336,0.509
9,6340,0.03
9,6341,0.85
9,6343,0.104
9,6344,0.972
9,6355,0.021
9,6382,0.055
9,6383,0.04
9,6412,0.15
9,6415,0.042
9,6447,0.017
9,6479,0.047
9,6485,0.088
9,6516,0.023
9,6565,0.045
9,6618,0.061
9,6631,0.021
9,6639,0.039
9,6661,0.042
9,6668,0.028
9,6679,0.253
9,6709,0.015
9,6733,0.03
9,6767,0.015
9,6794,0.067
9,6797,0.018
9,6833,0.04
9,6914,0.02
9,6920,0.035
9,6929,0.046
9,6949,0.406
9,6963,0.04
9,6976,1.0
9,6977,0.247
9,6990,0.02
9,7007,0.015
9,7052,0.308
9,7065,0.417
9,7066,0.174
9,7086,0.034
9,7090,0.035
9,7112,0.015
9,7116,0.047
9,7135,0.027
9,7187,0.03
9,7210,0.023
9,7212,0.02
9,7262,0.137
9,7266,0.03
9,7292,0.179
9,7318,0.124
9,7357,0.015
9,7386,0.461
9,7387,0.045
9,7415,0.125
9,7418,0.038
9,7435,0.02
9,7436,0.155
9,7439,0.183
9,7467,0.06
9,7498,0.027
9,7504,0.045
9,7508,0.346
9,7604,0.132
9,7617,0.174
9,7630,0.167
9,7659,0.071
9,7663,0.02
9,7687,0.364
9,7702,0.02
9,7743,0.068
9,7759,0.15
9,7810,0.02
9,7811,1.0
9,7818,0.029
9,7840,0.12
9,7853,0.084
9,7874,0.105
9,7891,0.038
9,7893,0.051
9,7951,0.095
9,7963,0.02
9,7978,0.08
9,8001,0.051
9,8014,0.015
9,8042,0.027
9,8071,0.195
9,8084,0.03
9,8100,0.69
9,8103,0.018
9,8111,0.246
9,8118,0.085
9,8125,0.027
9,8146,1.0
9,8197,0.048
9,8198,0.14
9,8219,0.97
9,8229,0.075
9,8245,0.032
9,8248,0.029
9,8261,0.012
9,8298,0.993
9,8328,0.032
9,8345,0.024
9,8377,0.018
9,8378,0.072
9,8405,0.269
9,8413,0.02
9,8415,0.039
9,8477,0.507
9,8506,0.03
9,8561,0.024
9,8587,0.063
9,8591,0.055
9,8609,0.244
9,8612,0.015
9,8621,0.066
9,8642,0.015
9,8674,0.036
9,8676,0.037
9,8680,0.015
9,8681,0.02
9,8705,0.256
9,8723,0.131
9,8761,0.069
9,8763,0.015
9,8803,0.504
9,8851,0.027
9,8863,0.035
9,8890,0.015
9,8939,0.031
9,8941,0.044
9,8952,0.04
9,8970,0.026
9,8982,0.015
9,8997,0.045
9,9000,0.947
9,9007,0.015
9,9040,0.03
9,9045,0.253
9,9071,0.047
9,9077,0.015
9,9082,0.215
9,9099,0.012
9,9103,0.122
9,9111,0.04
9,9114,0.394
9,9126,0.015
9,9131,0.048
9,9149,0.023
9,9181,0.08
9,9240,0.301
9,9272,0.09
9,9273,0.018
9,9275,0.015
9,9278,0.08
9,9325,0.039
9,9326,0.028
9,9359,0.05
9,9379,0.015
9,9418,0.018
9,9429,0.062
9,9481,0.039
9,9495,0.015
9,9506,0.015
9,9508,0.034
9,9518,0.179
9,9580,0.074
9,9583,0.03
9,9607,0.017
9,9614,0.165
9,9619,0.033
9,9670,0.05
9,9699,0.135
9,9744,0.049
9,9785,0.012
9,9790,0.104
9,9803,0.078
9,9829,0.041
9,9880,0.06
9,9884,0.02
9,9885,0.015
9,9959,0.02
9,9966,0.064
9,9988,0.02
9,10007,0.062
9,10032,0.055
9,10064,0.055
9,10136,0.015
9,10143,0.03
9,10165,0.219
9,10188,0.03
9,10196,0.04
9,10208,0.038
9,10246,0.392
9,10278,1.0
9,10286,0.026
9,10349,0.457
9,10362,0.015
9,10377,0.121
9,10378,0.015
9,10410,0.02
9,10414,0.048
9,10426,0.012
9,10432,0.027
9,10449,0.05
9,10452,0.012
9,10497,0.087
9,10531,0.05
9,10545,0.035
9,10590,0.035
9,10591,0.24
9,10636,0.055
9,10661,0.02
9,10677,0.06
9,10684,0.113
9,10688,0.099
9,10690,0.03
9,10707,0.428
9,10718,0.016
9,10720,0.071
9,10722,0.05
9,10743,0.015
9,10754,0.015
9,10764,0.063
9,10780,0.03
9,10789,0.219
9,10790,0.015
9,10815,0.035
9,10867,0.026
9,10870,0.107
9,10887,0.035
9,10890,0.015
9,10912,0.03
9,10921,0.024
9,10932,0.035
9,10933,0.045
9,10936,0.145
9,10945,0.06
9,10958,0.015
9,10964,0.15
9,10973,0.015
9,10982,0.042
9,10986,0.03
9,10998,0.055
9,11040,0.03
9,11043,0.255
9,11062,0.045
9,11073,0.051
9,11136,0.015
9,11161,0.138
9,11174,0.02
9,11212,0.015
9,11245,0.111
9,11248,0.044
9,11280,0.053
9,11302,0.02
9,11304,0.06
9,11306,0.077
9,11367,0.039
9,11402,0.076
9,11408,0.012
9,11413,0.046
9,11421,0.02
9,11441,0.093
9,11461,0.057
9,11468,0.03
9,11509,0.035
9,11515,0.177
9,11518,0.015
9,11592,0.204
9,11613,0.093
9,11614,0.016
9,11617,0.058
9,11636,0.116
9,11637,0.084
9,11640,0.042
9,11661,0.077
9,11682,0.015
9,11701,0.03
9,11710,0.012
9,11734,0.172
9,11744,0.03
9,11754,0.185
9,11772,0.018
9,11782,0.06
9,11789,0.2
9,11794,0.158
9,11807,0.06
9,11812,0.04
9,11820,0.758
9,11829,0.272
9,11840,0.317
9,11847,0.295
9,11887,0.036
9,11924,0.035
9,11964,0.042
9,11987,0.054
9,11991,0.015
9,11995,0.215
9,11996,0.02
9,12004,0.015
9,12037,0.02
9,12053,0.06
9,12054,0.015
9,12069,0.29
9,12105,0.015
9,12111,0.096
9,12177,0.162
9,12178,0.015
9,12183,0.021
9,12201,0.185
9,12257,0.08
9,12285,0.032
9,12290,0.046
9,12296,0.045
9,12345,0.02
9,12362,0.015
9,12363,0.051
9,12378,0.131
9,12385,0.02
9,12386,0.02
9,12390,0.108
9,12393,0.042
9,12400,0.015
9,12421,0.081
9,12433,0.081
9,12439,0.024
9,12446,0.069
9,12459,0.066
9,12478,0.012
9,12496,0.026
9,12514,0.02
9,12533,0.027
9,12544,0.064
9,12566,0.04
9,12577,0.095
9,12598,0.095
9,12612,0.015
9,12624,0.015
9,12627,0.996
9,12628,0.916
9,12631,0.027
9,12654,0.375
9,12662,0.028
9,12732,0.165
9,12756,0.075
9,12757,0.02
9,12804,0.021
9,12829,0.159
9,12860,0.015
9,12871,0.231
9,12891,0.662
9,12903,0.052
9,12914,0.027
9,12934,0.051
9,12944,0.249
9,12958,0.245
9,12966,0.405
9,12969,0.103
9,12972,0.027
9,12988,0.04
9,12992,0.015
9,13009,0.035
9,13015,0.19
9,13050,0.035
9,13080,0.049
9,13108,0.015
9,13144,0.061
9,13149,0.035
9,13151,0.023
9,13170,0.047
9,13176,0.035
9,13184,0.048
9,13195,0.021
9,13231,0.012
9,13251,0.05
9,13266,0.015
9,13278,0.146
9,13292,0.081
9,13320,0.015
9,13351,0.015
9,13368,0.064
9,13382,0.074
9,13419,0.495
9,13454,0.015
9,13461,0.02
9,13518,0.073
9,13522,0.084
9,13525,0.014
9,13534,0.051
9,13541,0.03
9,13578,0.016
9,13596,0.415
9,13638,0.344
9,13647,0.044
9,13666,0.165
9,13680,0.051
9,13693,0.044
9,13699,0.159
9,13779,0.096
9,13813,0.027
9,13821,0.041
9,13834,0.267
9,13839,0.018
9,13871,0.054
9,13901,0.018
9,13922,0.075
9,13946,0.125
9,13979,0.104
9,13981,0.015
9,13983,0.237
9,14004,0.038
9,14011,0.032
9,14017,0.039
9,14040,0.044
9,14062,0.132
9,14076,0.049
9,14098,0.024
9,14139,0.047
9,14145,0.029
9,14168,0.02
9,14172,0.134
9,14193,0.015
9,14213,0.01
9,14250,0.949
9,14262,0.058
9,14269,0.015
9,14283,0.016
9,14300,0.068
9,14306,0.035
9,14325,0.43
9,14353,0.029
9,14427,0.015
9,14435,0.034
9,14460,0.055
9,14525,0.095
9,14526,0.012
9,14566,0.063
9,14590,0.646
9,14593,0.056
9,14603,0.867
9,14615,0.023
9,14654,0.02
9,14674,0.018
9,14702,0.015
9,14703,0.025
9,14719,0.15
9,14722,0.075
9,14751,0.18
9,14764,0.015
9,14817,0.03
9,14844,0.08
9,14862,0.185
9,14864,0.035
9,14870,0.03
9,14884,0.042
9,14894,0.063
9,14895,0.05
9,14926,0.02
9,14937,0.015
9,14943,0.015
9,14952,0.047
9,14954,0.018
9,14958,0.024
9,14961,0.047
9,14975,0.045
9,14996,0.09
9,15031,0.111
9,15033,0.309
9,15034,0.055
9,15036,0.02
9,15100,0.015
9,15104,0.135
9,15130,0.08
9,15132,0.084
9,15136,0.015
9,15161,0.02
9,15205,0.251
9,15277,0.075
9,15295,0.027
9,15304,0.459
9,15307,0.02
9,15330,0.142
9,15352,0.386
9,15378,0.06
9,15379,0.048
9,15387,0.035
9,15405,0.032
9,15417,0.012
9,15419,0.012
9,15439,0.247
9,15450,0.844
9,15494,0.161
9,15501,0.15
9,15508,0.015
9,15526,0.015
9,15592,0.027
9,15605,0.015
9,15607,0.018
9,15613,0.015
9,15666,0.015
9,15704,0.03
9,15715,0.753
9,15718,0.059
9,15721,0.058
9,15725,0.312
9,15734,0.199
9,15757,0.015
9,15783,0.045
9,15803,0.024
9,15810,0.02
9,15833,0.03
9,15859,0.055
9,15860,0.052
9,15867,0.1
9,15912,0.018
9,15923,0.02
9,15928,0.015
9,15954,0.07
9,15969,0.448
9,16061,0.045
9,16088,0.059
9,16141,0.11
9,16163,0.052
9,16197,0.039
9,16223,0.14
9,16250,0.102
9,16264,0.015
9,16267,0.214
9,16270,0.035
9,16280,0.027
9,16283,0.015
9,16285,0.049
9,16297,0.061
9,16298,0.015
9,16325,0.025
10,6,0.996
10,41,0.09
10,44,0.051
10,49,0.036
10,65,0.03
10,90,0.625
10,133,0.012
10,192,0.229
10,234,0.045
10,248,0.029
10,266,0.057
10,309,0.105
10,331,0.015
10,346,0.035
10,347,0.015
10,378,0.92
10,390,0.112
10,418,0.02
10,421,0.039
10,447,0.02
10,466,0.045
10,470,0.093
10,522,0.012
10,588,0.015
10,605,0.012
10,615,0.015
10,619,0.03
10,627,0.793
10,635,0.159
10,636,0.068
10,646,0.366
10,698,0.95
10,712,0.043
10,725,0.153
10,729,0.015
10,771,0.038
10,773,0.075
10,778,0.062
10,789,0.081
10,798,0.027
10,804,0.015
10,806,0.11
10,816,0.193
10,850,0.263
10,872,0.223
10,880,0.144
10,901,0.053
10,908,0.039
10,949,0.209
10,953,0.105
10,970,0.015
10,997,0.035
10,1005,0.03
10,1067,0.352
10,1069,0.037
10,1102,0.049
10,1129,0.015
10,1156,0.035
10,1215,0.065
10,1272,0.072
10,1282,0.198
10,1291,0.072
10,1328,0.015
10,1351,0.075
10,1377,0.208
10,1403,0.261
10,1404,0.086
10,1425,0.02
10,1428,0.015
10,1466,0.027
10,1483,0.261
10,1484,0.06
10,1577,0.04
10,1585,0.02
10,1594,0.015
10,1607,0.027
10,1622,0.075
10,1666,0.032
10,1692,0.071
10,1714,0.033
10,1735,0.084
10,1741,0.015
10,1744,0.015
10,1777,0.057
10,1794,0.049
10,1804,0.093
10,1814,0.808
10,1815,0.015
10,1841,0.02
10,1868,0.44
10,1871,0.019
10,1872,0.015
10,1903,0.04
10,1925,1.0
10,1937,0.02
10,1940,0.573
10,1941,0.12
10,1966,0.072
10,2009,0.055
10,2016,0.048
10,2018,0.036
10,2020,0.024
10,2037,0.064
10,2040,0.012
10,2041,0.11
10,2089,0.045
10,2096,0.026
10,2128,0.944
10,2135,0.015
10,2148,0.093
10,2155,0.083
10,2193,0.051
10,2203,0.012
10,2220,0.344
10,2237,0.015
10,2257,0.02
10,2259,0.015
10,2260,0.015
10,2267,1.0
10,2270,0.043
10,2282,0.035
10,2285,0.573
10,2292,0.015
10,2318,0.392
10,2324,0.02
10,2331,0.057
10,2333,0.015
10,2338,0.282
10,2344,0.129
10,2356,0.265
10,2360,0.015
10,2382,0.317
10,2411,0.066
10,2430,0.045
10,2449,0.02
10,2467,0.012
10,2469,0.206
10,2487,0.062
10,2511,0.062
10,2555,0.015
10,2571,0.619
10,2577,0.024
10,2595,0.083
10,2631,0.547
10,2638,0.012
10,2640,0.216
10,2644,0.023
10,2683,0.015
10,2742,0.047
10,2779,0.02
10,2793,0.399
10,2830,0.058
10,2841,0.158
10,2852,0.024
10,2860,0.413
10,2861,0.123
10,2887,0.398
10,2898,0.078
10,2919,0.826
10,2946,0.05
10,2979,0.038
10,2982,0.046
10,3017,0.029
10,3018,0.08
10,3020,0.011
10,3036,0.021
10,3038,0.035
10,3041,0.169
10,3043,0.135
10,3055,0.015
10,3071,0.17
10,3102,0.075
10,3125,0.021
10,3146,0.015
10,3147,0.078
10,3156,0.235
10,3179,0.015
10,3219,0.225
10,3230,0.216
10,3264,0.021
10,3281,0.036
10,3312,0.015
10,3321,0.065
10,3335,0.236
10,3336,0.051
10,3348,0.027
10,3349,0.017
10,3359,0.047
10,3363,0.035
10,3374,0.09
10,3387,0.09
10,3401,0.018
10,3402,0.156
10,3406,0.074
10,3454,0.05
10,3471,0.02
10,3479,0.026
10,3481,0.182
10,3489,0.042
10,3500,0.17
10,3581,0.941
10,3590,0.116
10,3609,0.03
10,3618,0.907
10,3641,0.088
10,3650,0.052
10,3656,0.312
10,3668,0.98
10,3692,0.25
10,3695,0.355
10,3713,0.063
10,3733,0.02
10,3734,0.096
10,3801,0.029
10,3842,0.02
10,3867,0.09
10,3870,0.191
10,3878,0.044
10,3902,0.243
10,3911,0.02
10,3914,0.027
10,3922,0.035
10,3997,0.02
10,4081,0.015
10,4101,0.02
10,4123,0.155
10,4127,0.015
10,4133,0.03
10,4141,0.388
10,4149,0.028
10,4204,0.159
10,4228,0.075
10,4230,0.116
10,4240,0.025
10,4312,0.021
10,4340,0.012
10,4359,0.029
10,4381,0.043
10,4387,0.02
10,4437,0.036
10,4453,0.279
10,4458,0.09
10,4477,0.039
10,4520,0.053
10,4525,0.03
10,4533,0.301
10,4567,0.447
10,4608,0.03
10,4646,0.06
10,4665,0.032
10,4666,0.026
10,4679,0.072
10,4684,0.06
10,4698,0.015
10,4774,0.057
10,4775,0.035
10,4780,0.044
10,4851,0.055
10,4888,0.024
10,4906,0.408
10,4931,1.0
10,4934,0.02
10,4948,0.068
10,4961,0.03
10,5079,0.072
10,5109,0.024
10,5181,0.159
10,5185,0.144
10,5206,0.015
10,5210,0.109
10,5272,0.039
10,5305,0.075
10,5314,0.055
10,5318,0.035
10,5333,0.026
10,5358,0.026
10,5386,0.075
10,5389,0.734
10,5397,0.105
10,5411,0.06
10,5417,0.266
10,5441,0.018
10,5448,0.035
10,5491,0.015
10,5495,0.015
10,5496,0.016
10,5530,0.195
10,5544,0.02
10,5558,0.759
10,5604,0.024
10,5652,0.135
10,5669,0.032
10,5686,0.081
10,5724,0.02
10,5745,0.022
10,5747,0.015
10,5748,0.035
10,5790,0.1
10,5797,0.015
10,5811,0.126
10,5817,0.045
10,5834,0.058
10,5838,0.071
10,5857,0.02
10,5868,0.168
10,5873,0.2
10,5887,0.015
10,5890,0.717
10,5948,0.03
10,5953,0.069
10,5962,0.661
10,5978,0.123
10,6035,0.069
10,6079,0.051
10,6100,0.123
10,6101,0.057
10,6111,0.014
10,6119,0.11
10,6125,0.862
10,6139,0.453
10,6158,0.015
10,6243,0.533
10,6245,0.047
10,6246,0.038
10,6259,0.143
10,6271,0.038
10,6278,0.059
10,6280,0.015
10,6281,0.048
10,6317,0.192
10,6357,0.021
10,6368,0.018
10,6372,0.148
10,6373,0.015
10,6415,0.086
10,6470,0.048
10,6471,0.015
10,6480,0.02
10,6564,0.015
10,6585,0.015
10,6588,0.958
10,6606,0.173
10,6621,0.035
10,6623,0.023
10,6704,0.088
10,6735,0.276
10,6747,0.165
10,6767,0.71
10,6770,0.033
10,6782,0.046
10,6809,0.036
10,6810,0.219
10,6834,0.204
10,6854,0.027
10,6881,0.79
10,6897,0.03
10,6908,0.054
10,6917,0.035
10,6918,0.015
10,6946,0.06
10,6970,0.327
10,6983,0.035
10,7054,0.131
10,7111,0.089
10,7119,0.24
10,7132,0.91
10,7149,0.055
10,7154,0.035
10,7157,0.027
10,7160,0.015
10,7165,0.055
10,7168,0.095
10,7169,0.015
10,7175,0.015
10,7180,0.29
10,7225,0.07
10,7236,0.094
10,7335,0.075
10,7396,0.056
10,7403,0.086
10,7408,0.024
10,7422,0.082
10,7428,0.015
10,7434,0.239
10,7437,0.29
10,7448,0.98
10,7506,0.215
10,7541,0.043
10,7546,0.088
10,7568,0.033
10,7600,0.075
10,7603,0.028
10,7613,0.036
10,7620,0.083
10,7621,0.031
10,7628,0.015
10,7650,0.044
10,7656,0.012
10,7684,0.05
10,7710,0.072
10,7716,0.03
10,7727,0.015
10,7730,0.03
10,7736,0.096
10,7743,0.041
10,7770,0.239
10,7787,0.02
10,7836,0.206
10,7843,0.246
10,7851,0.045
10,7890,0.119
10,7909,0.015
10,7921,0.015
10,7962,0.035
10,7988,0.03
10,7994,0.015
10,8014,0.05
10,8019,0.165
10,8035,0.15
10,8056,0.075
10,8061,0.36
10,8067,0.011
10,8092,0.023
10,8122,0.069
10,8128,0.772
10,8133,0.02
10,8146,0.036
10,8158,0.012
10,8184,0.036
10,8201,0.694
10,8208,0.129
10,8231,0.043
10,8245,0.116
10,8261,0.17
10,8273,0.22
10,8283,0.02
10,8315,0.015
10,8321,0.039
10,8323,0.012
10,8340,0.089
10,8341,0.056
10,8350,0.039
10,8369,0.044
10,8439,0.735
10,8452,0.096
10,8463,0.997
10,8497,0.072
10,8500,0.018
10,8511,0.021
10,8518,0.015
10,8527,0.034
10,8529,0.05
10,8538,0.2
10,8559,0.02
10,8573,0.345
10,8603,0.038
10,8612,0.015
10,8655,0.048
10,8661,0.21
10,8670,0.041
10,8678,0.037
10,8691,0.034
10,8701,0.158
10,8723,0.028
10,8740,0.024
10,8745,0.015
10,8754,0.03
10,8799,0.158
10,8802,0.048
10,8805,0.039
10,8814,0.012
10,8844,0.154
10,8857,0.036
10,8858,0.116
10,8882,0.034
10,8917,0.215
10,8940,0.018
10,8948,0.015
10,8995,0.03
10,9001,0.043
10,9051,0.136
10,9061,0.103
10,9067,0.088
10,9069,0.012
10,9104,0.21
10,9136,0.027
10,9143,0.015
10,9147,0.035
10,9152,0.058
10,9161,0.105
10,9183,0.066
10,9196,0.062
10,9222,0.078
10,9246,0.027
10,9263,0.016
10,9290,0.06
10,9322,0.036
10,9467,0.065
10,9469,0.075
10,9472,0.015
10,9481,0.08
10,9488,0.02
10,9517,0.126
10,9531,0.015
10,9532,0.021
10,9580,0.078
10,9584,0.02
10,9598,0.029
10,9607,0.232
10,9618,0.235
10,9626,0.532
10,9630,0.015
10,9631,0.059
10,9641,0.189
10,9642,0.024
10,9646,0.067
10,9650,0.075
10,9657,0.105
10,9661,0.204
10,9675,0.09
10,9681,0.03
10,9691,0.156
10,9730,0.015
10,9754,0.09
10,9781,0.22
10,9812,0.06
10,9880,0.035
10,9897,0.066
10,9931,0.067
10,9949,0.375
10,9970,0.024
10,9988,0.079
10,9995,0.04
10,10009,0.189
10,10047,0.053
10,10056,0.326
10,10229,0.147
10,10232,0.119
10,10240,0.385
10,10265,0.024
10,10273,0.114
10,10279,0.026
10,10346,0.82
10,10358,0.015
10,10440,0.035
10,10455,0.045
10,10462,0.475
10,10489,0.015
10,10511,0.035
10,10516,0.747
10,10526,0.427
10,10541,0.015
10,10543,0.015
10,10564,0.148
10,10571,0.05
10,10584,0.012
10,10609,0.012
10,10610,0.047
10,10611,0.03
10,10629,0.03
10,10634,0.067
10,10647,0.027
10,10653,0.027
10,10663,0.03
10,10674,0.266
10,10676,0.012
10,10705,0.206
10,10722,0.015
10,10726,0.253
10,10759,0.023
10,10799,0.028
10,10801,0.021
10,10803,0.03
10,10808,0.015
10,10810,0.084
10,10827,0.316
10,10872,0.08
10,10886,0.252
10,10893,0.156
10,10900,0.028
10,10927,0.051
10,10930,0.07
10,10975,0.024
10,11014,0.03
10,11026,0.038
10,11027,0.173
10,11028,0.03
10,11053,0.024
10,11087,0.035
10,11099,0.02
10,11101,0.048
10,11114,0.048
10,11116,0.101
10,11121,0.02
10,11170,0.053
10,11212,0.015
10,11267,0.015
10,11269,0.101
10,11292,0.023
10,11300,0.03
10,11315,0.852
10,11323,0.198
10,11339,0.143
10,11348,0.04
10,11354,0.984
10,11359,0.015
10,11360,0.021
10,11391,0.015
10,11407,0.015
10,11417,0.067
10,11456,0.25
10,11465,0.027
10,11478,0.019
10,11485,0.646
10,11505,0.981
10,11508,0.021
10,11514,0.051
10,11530,0.12
10,11547,0.051
10,11572,0.493
10,11574,0.118
10,11577,0.097
10,11580,0.035
10,11587,0.077
10,11649,0.026
10,11682,0.015
10,11690,0.015
10,11695,0.021
10,11696,0.552
10,11699,0.03
10,11710,0.052
10,11740,0.066
10,11743,0.02
10,11746,0.055
10,11762,0.075
10,11787,0.052
10,11793,0.048
10,11806,0.08
10,11811,0.095
10,11856,0.29
10,11884,0.147
10,11892,0.123
10,11934,0.032
10,11935,0.266
10,11944,0.205
10,11947,0.036
10,11952,0.023
10,11954,0.093
10,11973,0.04
10,11977,0.015
10,11996,0.016
10,12000,0.033
10,12007,0.273
10,12039,0.07
10,12042,0.74
10,12044,0.15
10,12119,0.03
10,12130,0.078
10,12150,0.02
10,12156,0.085
10,12161,0.138
10,12164,0.015
10,12187,0.029
10,12200,0.021
10,12201,0.03
10,12216,0.02
10,12224,0.015
10,12225,0.488
10,12234,0.02
10,12235,0.2
10,12242,0.031
10,12283,0.075
10,12308,0.3
10,12364,0.091
10,12372,0.012
10,12411,0.044
10,12422,0.279
10,12427,0.033
10,12428,0.02
10,12444,0.012
10,12463,0.02
10,12472,0.054
10,12475,0.047
10,12485,0.091
10,12493,0.018
10,12497,0.173
10,12504,0.203
10,12532,0.115
10,12534,0.038
10,12565,0.035
10,12575,0.32
10,12601,0.015
10,12617,0.09
10,12628,0.368
10,12631,0.02
10,12637,0.048
10,12639,0.035
10,12646,0.15
10,12660,0.02
10,12674,0.378
10,12685,0.036
10,12698,0.056
10,12715,0.422
10,12737,0.188
10,12740,0.086
10,12741,0.09
10,12742,0.035
10,12779,0.51
10,12781,0.069
10,12786,0.028
10,12800,0.997
10,12827,0.984
10,12853,0.03
10,12859,0.035
10,12871,0.032
10,12917,0.316
10,12918,0.035
10,12949,0.023
10,12975,0.035
10,12979,0.167
10,12997,0.012
10,13009,0.048
10,13041,0.315
10,13081,0.02
10,13088,0.035
10,13111,0.875
10,13142,0.065
10,13147,0.055
10,13163,0.054
10,13207,0.106
10,13222,0.15
10,13224,0.02
10,13238,0.324
10,13282,0.618
10,13317,0.401
10,13326,0.048
10,13328,0.02
10,13334,0.015
10,13338,0.091
10,13339,0.035
10,13359,0.015
10,13366,0.042
10,13382,0.03
10,13420,0.06
10,13423,0.18
10,13473,0.087
10,13476,0.057
10,13504,0.236
10,13510,0.062
10,13519,0.035
10,13535,0.276
10,13588,0.177
10,13607,0.709
10,13623,0.03
10,13675,0.052
10,13712,0.06
10,13718,0.381
10,13746,0.04
10,13780,0.194
10,13782,0.109
10,13804,0.021
10,13807,0.064
10,13829,0.27
10,13839,0.227
10,13866,0.024
10,13868,0.027
10,13871,0.015
10,13880,0.276
10,13926,0.057
10,13928,0.036
10,13932,0.02
10,13944,0.05
10,13974,0.062
10,13978,0.08
10,14087,0.12
10,14126,0.03
10,14134,0.018
10,14159,0.04
10,14167,0.055
10,14175,0.021
10,14179,0.027
10,14184,0.034
10,14197,0.02
10,14220,0.03
10,14249,0.172
10,14255,0.098
10,14265,0.015
10,14300,0.02
10,14326,0.05
10,14339,0.106
10,14354,0.273
10,14394,0.018
10,14430,0.045
10,14445,0.021
10,14452,0.02
10,14453,0.075
10,14483,0.039
10,14505,0.024
10,14507,0.758
10,14519,0.015
10,14520,0.012
10,14536,0.015
10,14539,0.313
10,14541,0.462
10,14554,0.015
10,14564,0.015
10,14565,0.024
10,14572,0.039
10,14573,0.11
10,14579,0.071
10,14580,0.02
10,14585,0.011
10,14599,0.04
10,14615,0.02
10,14627,0.14
10,14637,0.796
10,14653,0.024
10,14666,0.176
10,14684,0.198
10,14687,0.033
10,14702,0.762
10,14710,0.064
10,14720,0.085
10,14723,0.03
10,14728,0.048
10,14768,0.11
10,14772,0.02
10,14774,0.706
10,14787,0.072
10,14792,0.335
10,14817,0.045
10,14825,0.02
10,14834,0.157
10,14846,0.016
10,14876,0.106
10,14900,0.103
10,14911,0.275
10,14915,0.05
10,14918,0.021
10,14924,0.022
10,14929,0.774
10,14932,0.06
10,14933,0.015
10,14941,0.078
10,14953,0.038
10,15025,0.277
10,15039,0.015
10,15061,0.045
10,15071,0.015
10,15102,0.012
10,15103,0.063
10,15126,0.026
10,15143,0.048
10,15177,0.055
10,15196,0.04
10,15208,0.038
10,15243,0.969
10,15296,0.026
10,15299,0.179
10,15302,0.069
10,15312,0.036
10,15326,0.285
10,15342,0.188
10,15389,0.027
10,15448,0.028
10,15467,0.348
10,15490,0.034
10,15526,0.045
10,15528,0.041
10,15529,0.075
10,15576,0.137
10,15587,0.063
10,15620,0.17
10,15629,0.035
10,15675,0.33
10,15676,0.723
10,15678,0.036
10,15744,0.374
10,15745,0.128
10,15779,0.121
10,15829,0.048
10,15830,0.035
10,15841,0.195
10,15845,0.053
10,15870,0.015
10,15876,0.014
10,15944,0.02
10,15956,0.203
10,15987,0.012
10,15990,0.043
10,16022,0.012
10,16029,0.114
10,16032,0.048
10,16041,0.065
10,16052,0.015
10,16081,0.015
10,16085,0.167
10,16106,0.165
10,16114,0.016
10,16147,0.594
10,16151,0.015
10,16165,0.167
10,16169,0.042
10,16181,0.015
10,16194,0.08
10,16209,0.227
10,16238,0.046
10,16266,0.24
10,16337,0.042
11,4,0.027
11,84,0.244
11,96,0.271
11,100,0.023
11,118,0.021
11,186,0.262
11,205,0.015
11,217,0.015
11,247,0.05
11,299,0.161
11,331,0.892
11,347,0.021
11,360,0.949
11,386,0.015
11,415,0.726
11,422,0.039
11,448,0.231
11,454,0.102
11,456,0.858
11,463,0.018
11,469,0.04
11,511,0.053
11,554,0.018
11,570,0.03
11,599,0.03
11,620,0.026
11,733,0.035
11,765,0.144
11,797,0.048
11,810,0.12
11,813,0.033
11,829,0.03
11,836,0.015
11,837,0.08
11,888,0.02
11,895,0.332
11,899,0.015
11,933,0.042
11,957,0.02
11,984,0.066
11,1000,0.232
11,1006,0.124
11,1043,0.175
11,1046,0.098
11,1108,0.198
11,1110,0.253
11,1111,0.157
11,1131,0.238
11,1139,0.015
11,1159,0.18
11,1244,0.297
11,1250,0.05
11,1258,0.156
11,1341,0.058
11,1345,0.021
11,1373,0.052
11,1412,0.015
11,1444,0.085
11,1466,1.0
11,1467,0.082
11,1479,0.171
11,1504,0.042
11,1510,0.034
11,1513,0.065
11,1546,0.733
11,1584,0.012
11,1586,0.066
11,1644,0.168
11,1657,0.19
11,1672,0.039
11,1675,0.197
11,1743,0.638
11,1761,0.031
11,1770,0.374
11,1771,0.015
11,1774,0.035
11,1789,0.067
11,1790,0.074
11,1814,0.345
11,1835,0.011
11,1847,0.453
11,1863,0.993
11,1867,0.26
11,1886,0.105
11,1965,0.129
11,2068,0.032
11,2086,0.059
11,2099,0.043
11,2100,0.631
11,2140,0.065
11,2169,0.052
11,2176,0.06
11,2195,0.03
11,2203,0.018
11,2226,0.099
11,2237,0.746
11,2254,0.07
11,2310,0.035
11,2341,0.015
11,2393,0.256
11,2408,0.223
11,2419,0.155
11,2448,0.095
11,2486,0.035
11,2531,0.089
11,2563,0.087
11,2572,0.871
11,2589,0.035
11,2606,0.657
11,2667,0.106
11,2681,0.042
11,2685,0.07
11,2715,0.065
11,2720,0.089
11,2749,0.533
11,2775,0.493
11,2792,0.015
11,2809,0.046
11,2888,0.119
11,2899,0.062
11,2937,0.881
11,3032,0.236
11,3083,0.09
11,3086,0.023
11,3125,0.166
11,3128,0.041
11,3144,0.015
11,3218,0.331
11,3223,0.353
11,3247,0.035
11,3251,0.121
11,3254,0.095
11,3262,0.178
11,3280,0.021
11,3286,0.049
11,3289,0.03
11,3310,0.1
11,3327,0.693
11,3346,0.015
11,3376,0.017
11,3382,0.389
11,3383,0.082
11,3387,0.065
11,3413,0.149
11,3422,0.02
11,3497,0.04
11,3532,0.042
11,3590,0.183
11,3613,0.102
11,3654,0.068
11,3674,0.581
11,3688,0.029
11,3719,0.03
11,3746,0.27
11,3768,0.04
11,3777,0.045
11,3855,0.327
11,3874,0.047
11,3882,0.024
11,3886,0.012
11,3900,0.046
11,3985,0.075
11,4084,0.13
11,4107,0.012
11,4109,0.159
11,4114,0.035
11,4162,0.035
11,4164,0.193
11,4166,0.057
11,4193,0.083
11,4206,0.184
11,4221,0.027
11,4227,0.045
11,4259,0.986
11,4260,0.153
11,4283,0.015
11,4319,0.993
11,4327,0.308
11,4359,0.023
11,4363,0.024
11,4372,0.087
11,4388,0.021
11,4432,0.028
11,4456,0.389
11,4466,0.154
11,4499,0.524
11,4516,0.015
11,4534,0.018
11,4536,0.02
11,4549,0.095
11,4569,0.021
11,4572,0.021
11,4576,0.02
11,4677,0.12
11,4733,0.038
11,4771,0.214
11,4787,0.25
11,4798,0.039
11,4833,0.06
11,4843,0.165
11,5008,0.254
11,5019,0.973
11,5029,0.012
11,5042,0.015
11,5052,0.016
11,5056,0.093
11,5068,0.573
11,5078,0.212
11,5094,0.099
11,5099,0.038
11,5106,0.027
11,5193,0.037
11,5208,0.045
11,5219,0.044
11,5232,0.076
11,5247,0.044
11,5272,0.015
11,5291,0.317
11,5322,0.047
11,5331,0.043
11,5345,0.342
11,5354,0.11
11,5430,0.05
11,5456,0.058
11,5478,0.155
11,5484,0.097
11,5500,0.091
11,5547,0.021
11,5564,0.02
11,5587,0.019
11,5622,0.21
11,5632,0.03
11,5647,0.212
11,5720,0.762
11,5728,0.035
11,5736,0.207
11,5760,0.024
11,5826,0.484
11,5967,0.114
11,5978,0.384
11,6008,0.02
11,6051,0.019
11,6088,0.135
11,6096,0.14
11,6126,0.038
11,6148,0.069
11,6167,0.056
11,6193,0.02
11,6222,0.223
11,6273,0.015
11,6293,0.342
11,6334,0.319
11,6364,0.035
11,6372,0.217
11,6425,0.15
11,6467,0.984
11,6485,0.021
11,6509,0.392
11,6525,0.016
11,6526,0.091
11,6547,0.08
11,6586,0.131
11,6607,0.035
11,6613,0.012
11,6619,0.07
11,6651,0.115
11,6686,0.778
11,6701,0.1
11,6831,0.121
11,6866,0.015
11,6875,0.687
11,6934,0.027
11,6936,0.103
11,6941,0.033
11,6967,0.128
11,6989,0.027
11,7012,0.206
11,7023,0.05
11,7026,0.185
11,7055,0.274
11,7061,0.02
11,7074,0.526
11,7100,0.549
11,7105,0.407
11,7115,0.084
11,7122,0.146
11,7143,0.035
11,7146,0.648
11,7222,0.034
11,7270,0.996
11,7291,0.197
11,7376,0.197
11,7427,0.03
11,7431,0.083
11,7516,0.02
11,7530,0.045
11,7544,0.051
11,7550,0.052
11,7552,0.684
11,7559,0.014
11,7565,0.015
11,7572,0.911
11,7574,0.044
11,7580,0.016
11,7582,0.248
11,7588,0.045
11,7590,0.015
11,7601,0.626
11,7644,0.144
11,7665,0.055
11,7676,0.259
11,7679,0.023
11,7745,0.244
11,7746,0.952
11,7763,0.18
11,7793,0.108
11,7808,0.015
11,7810,0.097
11,7848,0.081
11,7855,0.062
11,7864,0.09
11,7900,0.09
11,7931,0.659
11,7943,0.575
11,7960,0.042
11,7990,0.02
11,8057,0.287
11,8059,0.059
11,8085,0.15
11,8094,0.12
11,8106,0.217
11,8110,0.012
11,8113,0.082
11,8127,0.05
11,8131,0.25
11,8133,0.035
11,8138,0.03
11,8147,0.134
11,8153,0.074
11,8168,0.012
11,8170,0.246
11,8206,0.387
11,8212,0.015
11,8267,0.034
11,8271,0.122
11,8275,0.035
11,8283,0.666
11,8312,0.027
11,8330,0.03
11,8367,0.108
11,8379,0.119
11,8435,0.105
11,8457,0.05
11,8463,0.059
11,8494,0.976
11,8515,0.094
11,8517,0.035
11,8519,0.035
11,8593,0.012
11,8601,0.027
11,8609,0.029
11,8652,0.303
11,8657,0.047
11,8667,0.032
11,8683,0.051
11,8694,0.135
11,8696,0.105
11,8703,0.066
11,8704,0.026
11,8705,0.05
11,8777,0.015
11,8791,0.366
11,8833,0.196
11,8836,0.11
11,8851,0.03
11,8853,0.02
11,8873,0.027
11,8888,0.105
11,8957,0.018
11,8978,0.076
11,9028,0.015
11,9080,0.438
11,9153,0.045
11,9192,0.2
11,9198,0.035
11,9220,0.371
11,9318,0.012
11,9371,0.056
11,9386,0.401
11,9402,0.295
11,9409,0.831
11,9410,0.01
11,9453,0.108
11,9483,0.015
11,9534,0.338
11,9539,0.015
11,9555,0.242
11,9595,0.02
11,9617,0.055
11,9639,0.129
11,9662,0.045
11,9679,0.058
11,9685,0.027
11,9729,0.037
11,9819,0.015
11,9823,0.023
11,9848,0.099
11,9880,0.108
11,9908,0.993
11,9926,0.015
11,9991,1.0
11,10000,0.117
11,10030,0.074
11,10035,0.065
11,10046,0.059
11,10214,0.015
11,10236,0.035
11,10273,0.057
11,10313,0.019
11,10371,0.063
11,10382,0.134
11,10413,0.272
11,10460,0.03
11,10496,0.121
11,10530,0.012
11,10587,0.286
11,10595,0.099
11,10610,0.269
11,10692,0.137
11,10784,0.419
11,10786,0.051
11,10800,0.023
11,10812,0.042
11,10862,0.934
11,10902,0.015
11,10904,0.238
11,11002,0.015
11,11011,0.023
11,11019,0.065
11,11021,0.749
11,11034,0.035
11,11055,0.079
11,11082,0.113
11,11088,0.015
11,11109,0.122
11,11150,0.049
11,11159,0.183
11,11172,0.171
11,11177,0.027
11,11195,0.014
11,11204,0.071
11,11253,0.033
11,11386,0.02
11,11442,0.03
11,11462,0.075
11,11568,0.4
11,11653,0.037
11,11678,0.474
11,11697,0.02
11,11743,0.015
11,11754,0.075
11,11761,0.284
11,11773,0.138
11,11778,0.066
11,11803,0.039
11,11819,0.98
11,11832,0.041
11,11847,0.032
11,11858,0.185
11,11864,0.038
11,11878,0.076
11,11915,0.1
11,11928,0.165
11,11943,0.112
11,12027,0.22
11,12030,0.091
11,12036,0.329
11,12084,0.046
11,12119,0.02
11,12126,0.027
11,12184,0.037
11,12244,0.015
11,12268,0.731
11,12278,0.146
11,12297,0.222
11,12309,0.17
11,12357,0.069
11,12427,0.07
11,12556,0.015
11,12559,0.019
11,12569,0.046
11,12627,0.015
11,12637,0.011
11,12651,0.02
11,12678,0.129
11,12693,0.114
11,12721,0.021
11,12730,0.175
11,12737,0.023
11,12742,0.06
11,12772,0.03
11,12881,0.027
11,12911,0.024
11,12990,0.06
11,13004,0.96
11,13027,0.02
11,13031,0.485
11,13038,0.051
11,13105,0.019
11,13129,0.025
11,13147,0.051
11,13151,0.012
11,13176,0.036
11,13177,0.032
11,13194,0.233
11,13206,0.018
11,13213,0.507
11,13246,0.135
11,13257,0.027
11,13280,0.18
11,13292,0.075
11,13304,0.103
11,13343,0.015
11,13344,0.038
11,13356,0.09
11,13362,0.04
11,13376,0.111
11,13391,0.22
11,13440,0.018
11,13497,0.111
11,13573,0.929
11,13611,0.152
11,13691,0.035
11,13693,0.055
11,13733,0.021
11,13748,0.788
11,13829,0.044
11,13865,0.965
11,13877,0.03
11,13902,0.093
11,13953,0.184
11,13977,0.026
11,13988,0.135
11,14014,0.039
11,14070,0.041
11,14085,0.057
11,14127,0.075
11,14138,0.621
11,14160,0.91
11,14164,0.074
11,14196,0.023
11,14212,0.02
11,14219,0.031
11,14248,0.237
11,14332,0.064
11,14335,0.015
11,14342,0.571
11,14366,0.02
11,14373,0.041
11,14401,0.982
11,14404,0.051
11,14416,0.277
11,14434,0.038
11,14446,0.02
11,14448,1.0
11,14468,0.105
11,14497,0.017
11,14527,0.023
11,14566,0.093
11,14577,0.482
11,14625,0.097
11,14629,0.068
11,14669,0.187
11,14697,0.066
11,14743,0.283
11,14789,0.129
11,14791,0.159
11,14793,0.118
11,14810,0.18
11,14838,0.046
11,14858,0.391
11,14859,0.015
11,14890,0.042
11,14892,0.446
11,14898,0.321
11,14924,0.041
11,14938,0.03
11,14977,0.026
11,15004,0.981
11,15087,0.124
11,15159,0.095
11,15217,0.023
11,15248,0.015
11,15258,0.184
11,15286,0.024
11,15314,0.075
11,15316,0.241
11,15320,0.055
11,15337,0.029
11,15362,0.045
11,15369,0.05
11,15374,0.122
11,15400,0.066
11,15442,0.429
11,15479,0.036
11,15502,0.368
11,15515,0.024
11,15517,0.162
11,15530,0.57
11,15535,0.068
11,15537,0.018
11,15551,0.065
11,15567,0.013
11,15612,0.265
11,15615,0.15
11,15661,0.057
11,15689,0.024
11,15704,0.089
11,15710,0.181
11,15741,0.169
11,15743,0.074
11,15774,0.011
11,15788,1.0
11,15791,0.066
11,15799,0.137
11,15806,0.02
11,15809,0.021
11,15813,0.033
11,15832,0.045
11,15836,0.067
11,15847,0.015
11,15871,0.038
11,15889,0.194
11,15893,0.047
11,15894,0.034
11,15900,0.086
11,15926,0.078
11,15968,0.174
11,15970,0.09
11,16055,0.048
11,16066,0.03
11,16068,0.11
11,16188,0.089
11,16231,0.015
11,16295,1.0
11,16304,0.042
11,16313,0.015
11,16322,0.075
11,16325,0.02
11,16327,0.03
11,16337,0.165
11,16350,0.012
12,13,0.192
12,16,0.056
12,23,0.069
12,34,0.015
12,56,0.015
12,62,0.012
12,67,0.036
12,96,0.093
12,124,0.278
12,129,0.871
12,144,0.021
12,145,0.08
12,146,0.035
12,155,0.644
12,168,0.015
12,212,0.04
12,222,0.015
12,242,0.594
12,258,0.061
12,266,0.107
12,271,0.039
12,277,0.087
12,294,0.023
12,301,0.065
12,305,0.078
12,314,0.561
12,322,0.015
12,347,0.051
12,354,0.018
12,373,0.082
12,406,0.024
12,431,0.088
12,434,0.056
12,437,0.948
12,453,0.015
12,478,0.081
12,485,0.036
12,486,0.012
12,494,0.146
12,509,0.023
12,562,0.016
12,564,0.015
12,569,0.15
12,570,0.137
12,599,0.055
12,610,0.04
12,623,0.012
12,656,0.063
12,686,0.089
12,691,0.018
12,714,1.0
12,715,0.694
12,723,0.02
12,772,0.027
12,775,0.021
12,787,0.015
12,794,0.047
12,809,0.067
12,818,0.065
12,825,0.451
12,833,0.516
12,834,0.435
12,835,0.336
12,837,0.068
12,846,0.035
12,851,0.041
12,879,0.203
12,883,0.134
12,897,0.03
12,904,0.053
12,939,0.11
12,943,0.015
12,968,0.023
12,976,0.177
12,977,0.02
12,1007,0.03
12,1044,0.07
12,1051,0.075
12,1052,0.099
12,1059,0.015
12,1066,0.058
12,1085,0.015
12,1146,0.015
12,1159,0.148
12,1189,0.074
12,1242,0.015
12,1252,0.057
12,1285,0.318
12,1343,0.015
12,1363,0.027
12,1388,0.015
12,1393,0.047
12,1394,0.018
12,1395,0.01
12,1397,1.0
12,1398,0.247
12,1405,0.083
12,1411,0.034
12,1442,0.045
12,1447,0.031
12,1480,0.303
12,1502,0.211
12,1519,0.129
12,1523,0.024
12,1536,0.597
12,1542,0.076
12,1555,0.078
12,1558,0.045
12,1564,0.041
12,1595,0.086
12,1605,0.107
12,1651,0.134
12,1655,0.012
12,1699,0.244
12,1731,0.065
12,1743,0.239
12,1748,0.271
12,1767,0.02
12,1768,0.56
12,1778,0.209
12,1781,0.027
12,1794,0.1
12,1810,0.03
12,1848,0.021
12,1856,0.012
12,1865,0.06
12,1867,0.823
12,1870,0.048
12,1897,0.043
12,1937,0.896
12,1988,0.627
12,2006,0.054
12,2007,0.286
12,2023,0.137
12,2038,0.237
12,2053,0.291
12,2075,0.027
12,2112,0.02
12,2118,0.026
12,2140,0.035
12,2145,0.11
12,2148,0.033
12,2157,0.02
12,2167,0.015
12,2169,0.015
12,2171,0.088
12,2176,0.063
12,2182,0.014
12,2220,0.02
12,2224,0.18
12,2254,0.099
12,2269,0.06
12,2295,0.908
12,2355,0.027
12,2364,0.018
12,2400,0.613
12,2402,0.021
12,2408,0.996
12,2424,0.419
12,2430,0.168
12,2469,0.03
12,2498,0.267
12,2545,0.206
12,2547,0.553
12,2553,0.03
12,2556,0.032
12,2567,0.035
12,2586,0.56
12,2602,0.554
12,2629,0.045
12,2645,0.191
12,2670,0.13
12,2676,0.089
12,2681,0.041
12,2710,0.07
12,2713,0.033
12,2723,0.016
12,2732,0.012
12,2737,0.666
12,2744,0.012
12,2759,0.043
12,2770,0.031
12,2773,0.189
12,2779,0.02
12,2792,0.194
12,2846,0.17
12,2886,0.038
12,2935,0.09
12,2948,0.022
12,2970,0.825
12,3009,0.042
12,3011,0.023
12,3014,0.211
12,3079,0.029
12,3084,0.109
12,3110,0.089
12,3113,0.714
12,3115,0.015
12,3122,0.171
12,3154,0.399
12,3158,0.018
12,3189,0.095
12,3196,0.046
12,3203,0.132
12,3212,0.06
12,3225,0.042
12,3247,0.021
12,3270,0.103
12,3288,0.044
12,3294,0.03
12,3308,0.038
12,3315,0.09
12,3331,0.035
12,3358,0.053
12,3389,0.144
12,3391,0.041
12,3397,0.016
12,3407,0.13
12,3408,0.226
12,3446,0.075
12,3455,0.018
12,3465,0.02
12,3510,0.09
12,3525,0.304
12,3546,0.018
12,3574,0.304
12,3582,0.01
12,3583,0.033
12,3587,0.021
12,3608,0.041
12,3611,0.042
12,3615,0.035
12,3663,0.035
12,3683,0.107
12,3695,0.036
12,3718,0.051
12,3741,0.336
12,3749,0.23
12,3763,0.063
12,3798,0.251
12,3821,0.051
12,3822,0.646
12,3831,0.335
12,3842,0.02
12,3858,0.015
12,3870,0.148
12,3883,0.015
12,3898,0.591
12,3899,0.038
12,3908,0.09
12,3953,0.039
12,3970,0.297
12,3978,0.014
12,3994,0.122
12,3996,0.908
12,4005,0.101
12,4010,0.081
12,4047,0.099
12,4107,0.015
12,4120,0.022
12,4139,0.286
12,4258,0.035
12,4271,0.15
12,4281,0.942
12,4302,0.174
12,4315,0.015
12,4318,0.012
12,4340,0.054
12,4376,0.129
12,4391,0.055
12,4408,0.308
12,4429,0.058
12,4440,0.883
12,4468,0.085
12,4469,0.038
12,4483,0.02
12,4527,0.066
12,4542,0.044
12,4544,0.015
12,4545,0.188
12,4550,0.069
12,4556,0.08
12,4559,0.238
12,4569,0.035
12,4590,0.069
12,4596,0.029
12,4601,0.522
12,4602,0.141
12,4604,0.029
12,4656,0.048
12,4740,0.157
12,4742,0.089
12,4760,0.038
12,4764,0.158
12,4770,0.238
12,4787,0.015
12,4789,0.027
12,4809,0.045
12,4821,0.051
12,4825,0.048
12,4830,0.274
12,4841,0.225
12,4903,0.091
12,4926,0.953
12,4930,0.168
12,4948,0.986
12,4960,0.01
12,4962,0.033
12,4978,0.02
12,5018,0.02
12,5026,0.047
12,5053,0.049
12,5077,0.03
12,5085,0.021
12,5098,0.015
12,5113,0.203
12,5137,0.093
12,5140,0.035
12,5144,0.094
12,5179,0.059
12,5212,0.116
12,5230,0.024
12,5239,0.063
12,5240,0.07
12,5260,0.135
12,5267,0.2
12,5283,0.058
12,5309,0.348
12,5338,0.03
12,5348,0.15
12,5356,0.084
12,5366,0.018
12,5384,0.014
12,5392,0.045
12,5455,0.03
12,5494,0.284
12,5526,0.051
12,5544,0.04
12,5565,0.076
12,5567,0.033
12,5584,0.053
12,5597,0.02
12,5614,0.012
12,5639,0.02
12,5645,0.035
12,5659,0.06
12,5717,0.117
12,5733,0.018
12,5736,0.677
12,5760,0.045
12,5783,0.057
12,5801,0.104
12,5806,0.109
12,5820,0.012
12,5846,0.015
12,5848,0.03
12,5850,0.015
12,5892,0.024
12,5902,0.38
12,5927,0.069
12,5935,0.028
12,5947,0.873
12,5951,0.015
12,5959,0.459
12,5998,0.03
12,6002,0.012
12,6024,0.069
12,6041,0.299
12,6042,0.927
12,6048,0.166
12,6055,0.847
12,6060,0.117
12,6073,0.048
12,6110,0.159
12,6161,0.68
12,6175,0.116
12,6189,0.057
12,6206,0.071
12,6210,0.062
12,6218,0.035
12,6247,0.084
12,6251,0.018
12,6252,0.027
12,6255,0.227
12,6261,0.026
12,6270,0.163
12,6279,0.062
12,6293,0.022
12,6297,0.147
12,6304,0.094
12,6318,0.077
12,6339,0.03
12,6352,0.699
12,6354,0.068
12,6362,0.065
12,6371,0.041
12,6372,1.0
12,6394,0.257
12,6399,0.02
12,6400,0.018
12,6406,0.148
12,6425,0.213
12,6430,0.055
12,6433,0.145
12,6450,0.532
12,6494,0.041
12,6531,0.054
12,6546,0.516
12,6548,0.033
12,6551,0.107
12,6555,0.071
12,6562,0.09
12,6583,0.047
12,6607,0.03
12,6639,0.259
12,6673,0.405
12,6700,0.826
12,6709,0.058
12,6727,0.091
12,6742,0.096
12,6754,0.119
12,6780,0.027
12,6803,0.021
12,6824,0.302
12,6826,0.039
12,6837,0.05
12,6850,0.105
12,6867,0.125
12,6898,0.032
12,6909,0.637
12,6935,0.136
12,6939,0.094
12,6953,0.014
12,6992,0.014
12,7011,0.03
12,7013,0.101
12,7027,0.012
12,7093,0.017
12,7115,0.107
12,7122,0.02
12,7191,0.205
12,7261,0.039
12,7264,0.082
12,7266,0.015
12,7275,0.994
12,7288,0.021
12,7295,0.036
12,7300,0.237
12,7303,0.112
12,7365,0.041
12,7376,0.015
12,7410,0.035
12,7414,0.249
12,7443,0.112
12,7447,0.261
12,7452,0.225
12,7485,0.047
12,7487,0.05
12,7494,0.129
12,7521,0.029
12,7535,0.5
12,7536,0.015
12,7546,0.133
12,7547,0.05
12,7593,0.044
12,7613,0.984
12,7614,0.015
12,7644,0.018
12,7666,0.024
12,7678,0.277
12,7708,0.039
12,7779,1.0
12,7802,0.014
12,7811,0.039
12,7815,0.338
12,7818,0.024
12,7834,0.021
12,7840,0.015
12,7853,0.068
12,7883,0.045
12,7898,0.56
12,7901,0.196
12,7904,0.015
12,7914,0.076
12,7920,0.148
12,7931,0.784
12,7970,0.062
12,8001,0.015
12,8016,0.62
12,8026,0.041
12,8035,0.234
12,8056,0.08
12,8070,0.044
12,8102,0.11
12,8122,0.192
12,8129,0.07
12,8132,0.05
12,8143,0.019
12,8164,0.048
12,8177,0.345
12,8208,0.437
12,8244,0.065
12,8266,0.014
12,8271,0.091
12,8282,0.024
12,8285,0.235
12,8293,0.039
12,8294,0.018
12,8309,0.595
12,8330,0.042
12,8368,0.06
12,8398,0.027
12,8408,0.095
12,8430,0.03
12,8439,0.148
12,8447,0.106
12,8453,0.02
12,8454,0.054
12,8464,1.0
12,8492,0.06
12,8516,0.035
12,8519,0.01
12,8538,0.831
12,8539,0.117
12,8561,0.265
12,8578,0.034
12,8587,0.015
12,8588,0.086
12,8592,0.989
12,8600,0.035
12,8601,0.09
12,8618,0.035
12,8620,0.02
12,8624,0.373
12,8677,0.218
12,8685,0.606
12,8692,0.015
12,8693,0.012
12,8700,0.015
12,8722,0.779
12,8728,0.053
12,8764,0.087
12,8787,0.131
12,8818,0.2
12,8854,0.064
12,8858,0.028
12,8871,0.034
12,8875,0.032
12,8880,0.057
12,8912,0.03
12,8942,0.024
12,8980,0.096
12,9005,0.079
12,9012,0.058
12,9029,0.176
12,9050,0.133
12,9054,0.05
12,9069,0.078
12,9076,0.103
12,9088,0.026
12,9092,0.112
12,9201,0.215
12,9236,0.05
12,9246,0.122
12,9252,0.175
12,9299,0.033
12,9375,0.012
12,9382,0.04
12,9393,0.093
12,9394,0.756
12,9409,0.15
12,9416,0.164
12,9432,0.03
12,9438,0.027
12,9439,0.057
12,9441,0.236
12,9446,0.08
12,9452,0.024
12,9454,0.154
12,9457,0.015
12,9461,0.07
12,9500,0.124
12,9507,0.027
12,9508,0.109
12,9511,0.022
12,9563,0.039
12,9574,0.123
12,9600,0.088
12,9616,0.044
12,9617,0.144
12,9629,0.015
12,9657,0.17
12,9667,0.717
12,9676,0.022
12,9684,0.015
12,9700,0.035
12,9703,0.03
12,9707,0.05
12,9710,0.015
12,9727,0.301
12,9771,0.015
12,9794,0.012
12,9797,0.02
12,9801,0.02
12,9805,0.111
12,9834,0.057
12,9861,0.045
12,9864,0.068
12,9867,0.054
12,9871,0.099
12,9880,0.015
12,9884,0.105
12,9910,0.051
12,9925,0.202
12,9945,0.03
12,9946,0.021
12,9957,0.098
12,10001,0.542
12,10002,0.289
12,10011,0.024
12,10029,0.03
12,10030,0.085
12,10040,0.024
12,10045,0.015
12,10073,0.027
12,10131,0.164
12,10151,0.018
12,10166,0.035
12,10171,0.016
12,10172,0.024
12,10204,0.023
12,10257,0.015
12,10262,0.024
12,10268,0.085
12,10282,0.035
12,10291,0.012
12,10322,0.038
12,10354,0.021
12,10355,0.235
12,10359,0.03
12,10370,0.131
12,10376,0.021
12,10382,0.012
12,10395,0.02
12,10396,0.015
12,10401,0.018
12,10402,0.038
12,10442,0.051
12,10499,0.252
12,10511,0.058
12,10523,0.261
12,10541,0.1
12,10549,0.012
12,10574,0.509
12,10591,0.015
12,10596,0.015
12,10610,0.012
12,10651,0.027
12,10677,0.042
12,10689,0.06
12,10779,0.513
12,10791,0.037
12,10797,0.17
12,10809,0.062
12,10828,0.015
12,10833,0.115
12,10860,0.318
12,10878,0.031
12,10881,0.036
12,10882,0.075
12,10902,0.022
12,10905,0.079
12,10956,0.038
12,10965,0.109
12,11016,0.277
12,11022,0.075
12,11031,0.889
12,11036,0.012
12,11048,0.096
12,11056,0.167
12,11090,0.023
12,11097,0.029
12,11108,0.067
12,11128,0.363
12,11143,0.341
12,11202,0.027
12,11206,0.015
12,11209,0.289
12,11217,0.012
12,11219,0.092
12,11223,0.024
12,11239,0.015
12,11246,0.259
12,11254,0.01
12,11255,0.02
12,11258,0.018
12,11271,0.099
12,11292,0.045
12,11355,0.015
12,11365,0.108
12,11368,0.154
12,11401,0.165
12,11418,0.015
12,11419,0.804
12,11446,0.012
12,11504,0.03
12,11509,0.033
12,11538,0.118
12,11550,0.024
12,11562,0.381
12,11581,0.056
12,11596,0.087
12,11602,0.012
12,11608,0.09
12,11611,0.015
12,11615,0.063
12,11620,0.012
12,11621,0.13
12,11626,0.076
12,11631,0.086
12,11648,0.027
12,11691,0.293
12,11755,0.021
12,11775,0.138
12,11785,0.027
12,11796,0.144
12,11805,0.021
12,11806,0.065
12,11829,0.183
12,11834,0.191
12,11837,0.07
12,11889,0.324
12,11891,0.245
12,11908,0.015
12,11912,0.033
12,11934,0.027
12,11939,0.041
12,11974,0.484
12,11991,0.085
12,12041,0.027
12,12059,0.054
12,12061,0.04
12,12092,0.027
12,12100,0.023
12,12142,0.215
12,12143,0.089
12,12149,0.027
12,12151,0.093
12,12158,0.02
12,12183,0.197
12,12188,0.091
12,12208,0.015
12,12258,0.012
12,12261,0.02
12,12269,0.12
12,12293,0.012
12,12296,0.048
12,12300,0.152
12,12322,0.057
12,12332,0.217
12,12338,0.015
12,12348,0.026
12,12369,0.045
12,12383,0.185
12,12413,0.015
12,12429,0.039
12,12437,0.035
12,12442,0.3
12,12463,0.994
12,12500,0.145
12,12519,0.021
12,12524,0.018
12,12530,0.966
12,12545,0.204
12,12552,0.025
12,12555,0.03
12,12572,0.171
12,12575,0.972
12,12587,0.081
12,12601,0.012
12,12655,0.043
12,12662,0.025
12,12667,0.067
12,12670,0.212
12,12702,0.012
12,12704,0.057
12,12714,0.097
12,12731,0.013
12,12732,0.024
12,12739,0.035
12,12754,0.071
12,12765,0.03
12,12780,0.042
12,12784,0.032
12,12787,0.02
12,12807,0.99
12,12880,0.036
12,12882,0.096
12,12901,0.012
12,12905,0.013
12,12913,0.014
12,12945,0.02
12,12948,0.021
12,12949,0.021
12,12989,0.015
12,13038,0.02
12,13044,0.088
12,13050,0.174
12,13054,0.018
12,13059,0.018
12,13089,0.024
12,13090,0.035
12,13108,0.053
12,13124,0.021
12,13133,0.06
12,13137,0.124
12,13157,0.047
12,13162,0.051
12,13167,0.73
12,13171,0.027
12,13183,0.033
12,13213,0.012
12,13232,0.259
12,13234,0.223
12,13250,0.088
12,13266,0.988
12,13276,0.298
12,13277,0.033
12,13286,0.024
12,13294,0.018
12,13306,0.06
12,13344,0.062
12,13348,0.03
12,13370,0.071
12,13403,0.045
12,13419,0.045
12,13430,0.953
12,13434,0.378
12,13472,0.062
12,13475,0.07
12,13476,0.119
12,13497,0.733
12,13509,0.102
12,13513,0.131
12,13519,0.128
12,13556,0.02
12,13590,0.03
12,13601,0.085
12,13604,0.012
12,13619,0.214
12,13629,0.044
12,13632,0.035
12,13635,0.092
12,13636,0.024
12,13648,0.02
12,13659,0.015
12,13686,0.124
12,13690,0.02
12,13694,0.657
12,13711,0.012
12,13756,0.095
12,13818,0.088
12,13830,0.08
12,13835,0.039
12,13836,0.794
12,13841,0.048
12,13859,0.027
12,13867,0.61
12,13874,0.044
12,13876,0.03
12,13896,0.18
12,13906,0.077
12,13913,0.041
12,13915,0.071
12,13952,0.139
12,13963,0.021
12,14024,0.071
12,14029,0.015
12,14036,0.099
12,14056,0.091
12,14065,0.129
12,14070,0.041
12,14095,0.033
12,14107,0.281
12,14154,0.303
12,14179,0.185
12,14223,0.016
12,14248,0.26
12,14252,0.144
12,14286,0.015
12,14292,0.182
12,14297,0.51
12,14313,0.162
12,14318,0.284
12,14342,0.33
12,14347,0.083
12,14353,0.111
12,14366,0.036
12,14386,0.023
12,14391,0.409
12,14392,0.042
12,14403,0.122
12,14414,0.053
12,14419,0.581
12,14420,0.577
12,14429,0.09
12,14464,0.065
12,14466,0.018
12,14494,0.012
12,14497,0.265
12,14510,0.066
12,14523,0.585
12,14557,0.818
12,14561,0.015
12,14575,0.349
12,14580,0.379
12,14587,0.448
12,14589,0.054
12,14596,0.051
12,14615,0.016
12,14638,0.027
12,14645,0.045
12,14681,0.549
12,14684,0.125
12,14700,0.113
12,14736,0.887
12,14747,0.036
12,14759,0.055
12,14801,0.062
12,14803,0.016
12,14804,0.754
12,14810,0.133
12,14830,0.085
12,14852,0.057
12,14861,0.024
12,14894,0.034
12,14922,0.869
12,14936,0.015
12,14950,0.036
12,15000,0.058
12,15043,0.153
12,15045,0.052
12,15053,0.02
12,15056,0.46
12,15082,0.984
12,15158,0.068
12,15174,0.077
12,15178,0.033
12,15196,0.169
12,15205,0.05
12,15208,0.286
12,15215,0.033
12,15220,0.086
12,15244,0.042
12,15273,0.347
12,15282,0.034
12,15286,0.047
12,15287,0.045
12,15301,0.022
12,15319,0.055
12,15331,0.023
12,15355,0.073
12,15402,0.186
12,15418,0.184
12,15432,0.139
12,15437,0.127
12,15444,0.039
12,15447,0.101
12,15448,0.02
12,15478,0.07
12,15479,0.02
12,15489,0.036
12,15496,0.17
12,15503,0.021
12,15514,0.039
12,15517,0.044
12,15540,0.138
12,15545,0.035
12,15550,0.024
12,15553,0.102
12,15584,0.015
12,15592,0.051
12,15613,0.05
12,15618,0.012
12,15629,0.021
12,15632,0.304
12,15638,0.154
12,15651,0.012
12,15670,0.026
12,15754,0.018
12,15772,0.012
12,15793,0.027
12,15818,0.29
12,15821,0.426
12,15836,0.03
12,15858,0.035
12,15887,1.0
12,15907,0.134
12,15921,0.29
12,15934,0.039
12,15946,0.052
12,15953,0.019
12,15959,0.333
12,15970,0.16
12,16011,0.413
12,16025,0.047
12,16058,0.073
12,16075,0.015
12,16078,0.03
12,16088,0.037
12,16108,0.015
12,16128,0.499
12,16131,0.101
12,16141,0.055
12,16153,0.099
12,16158,0.07
12,16169,0.035
12,16189,0.091
12,16232,0.024
12,16236,0.06
12,16240,0.013
12,16251,0.013
12,16255,0.176
12,16268,0.05
12,16294,0.02
12,16309,0.015
12,16330,0.02
12,16342,0.58
12,16350,0.096
12,16371,0.06
12,16377,0.038
13,0,0.06
13,7,0.044
13,27,0.309
13,35,0.139
13,38,0.051
13,42,0.013
13,62,0.03
13,76,0.073
13,91,0.089
13,92,0.095
13,152,0.156
13,160,0.243
13,177,0.216
13,189,0.027
13,193,0.136
13,234,0.052
13,295,0.106
13,302,0.035
13,311,0.044
13,315,0.314
13,332,0.564
13,346,0.015
13,357,0.054
13,372,0.283
13,435,0.033
13,452,0.012
13,502,0.06
13,563,0.069
13,565,0.118
13,605,0.054
13,715,0.045
13,726,0.069
13,727,0.04
13,729,0.026
13,761,0.019
13,804,0.453
13,833,0.071
13,864,0.012
13,869,0.079
13,873,0.224
13,913,0.152
13,950,0.972
13,996,0.11
13,1039,0.015
13,1220,0.175
13,1238,0.02
13,1296,0.105
13,1350,0.03
13,1357,0.15
13,1362,0.128
13,1395,0.37
13,1439,0.168
13,1472,0.134
13,1484,0.015
13,1502,0.208
13,1507,0.923
13,1512,0.135
13,1521,0.438
13,1529,0.449
13,1552,0.22
13,1627,0.057
13,1663,0.012
13,1681,0.215
13,1721,0.075
13,1734,0.243
13,1775,0.02
13,1798,0.597
13,1812,0.032
13,1830,0.282
13,1858,0.389
13,1883,0.019
13,1910,0.03
13,1919,0.346
13,1930,0.115
13,1954,0.097
13,1991,0.076
13,1992,0.081
13,1995,0.017
13,2003,0.334
13,2045,0.506
13,2065,0.067
13,2078,0.311
13,2109,0.387
13,2123,0.106
13,2166,0.129
13,2188,0.015
13,2214,0.021
13,2280,0.049
13,2283,0.052
13,2323,0.138
13,2325,0.087
13,2372,0.082
13,2388,0.148
13,2425,0.082
13,2427,0.15
13,2429,0.192
13,2458,0.03
13,2498,0.109
13,2545,0.027
13,2557,0.051
13,2563,0.131
13,2614,0.352
13,2622,0.065
13,2708,0.125
13,2721,0.091
13,2757,0.101
13,2766,0.018
13,2788,0.72
13,2843,0.331
13,2850,0.949
13,2856,0.211
13,2874,0.27
13,2882,0.02
13,2909,0.024
13,2959,0.02
13,2968,0.698
13,2978,0.16
13,2980,0.076
13,3038,0.015
13,3045,0.079
13,3099,0.239
13,3107,0.051
13,3135,0.528
13,3183,0.035
13,3202,0.942
13,3210,0.191
13,3222,0.018
13,3230,0.102
13,3239,0.986
13,3263,0.04
13,3307,0.011
13,3315,0.03
13,3333,0.077
13,3344,0.015
13,3379,0.015
13,3383,0.474
13,3394,0.025
13,3418,0.033
13,3458,0.02
13,3512,0.134
13,3538,0.044
13,3551,0.044
13,3613,0.041
13,3629,0.101
13,3639,0.295
13,3650,0.022
13,3679,0.023
13,3731,0.038
13,3768,0.179
13,3783,0.268
13,3795,0.059
13,3829,0.036
13,3906,0.081
13,3968,0.989
13,4007,0.239
13,4018,0.507
13,4019,0.084
13,4129,0.179
13,4294,1.0
13,4321,0.055
13,4343,0.128
13,4378,0.088
13,4404,0.1
13,4439,0.305
13,4458,0.015
13,4486,0.157
13,4499,0.04
13,4533,0.028
13,4539,0.035
13,4555,0.012
13,4601,0.354
13,4608,0.269
13,4642,0.012
13,4653,0.01
13,4661,0.121
13,4681,0.064
13,4699,0.04
13,4807,0.047
13,4810,0.204
13,4832,0.195
13,4839,0.02
13,4860,0.033
13,4862,0.012
13,4886,0.02
13,4908,0.049
13,4924,0.124
13,4959,0.432
13,5009,0.398
13,5017,0.018
13,5034,0.066
13,5048,0.575
13,5133,0.17
13,5135,0.081
13,5143,0.03
13,5148,0.215
13,5190,0.023
13,5200,1.0
13,5205,0.025
13,5207,0.413
13,5208,0.034
13,5212,0.039
13,5226,0.511
13,5253,0.018
13,5270,0.089
13,5293,0.153
13,5306,0.071
13,5367,0.015
13,5390,0.13
13,5403,0.035
13,5417,0.138
13,5426,0.096
13,5427,0.012
13,5432,0.374
13,5433,0.013
13,5437,0.977
13,5486,0.343
13,5496,0.327
13,5524,0.326
13,5552,0.029
13,5580,0.516
13,5582,0.015
13,5595,0.372
13,5609,0.024
13,5631,0.063
13,5646,0.306
13,5678,0.042
13,5702,0.075
13,5722,0.028
13,5750,0.165
13,5851,0.044
13,5855,0.11
13,5918,0.015
13,5929,0.087
13,5955,0.756
13,5958,0.045
13,6022,0.479
13,6027,0.889
13,6070,0.012
13,6133,0.058
13,6137,0.036
13,6184,0.406
13,6201,0.992
13,6207,0.012
13,6220,0.241
13,6234,0.991
13,6236,0.032
13,6254,0.038
13,6287,0.097
13,6296,0.526
13,6304,0.319
13,6334,0.036
13,6345,0.578
13,6364,0.225
13,6395,0.03
13,6471,0.297
13,6504,0.089
13,6513,0.08
13,6515,0.02
13,6516,0.03
13,6546,0.016
13,6578,0.268
13,6599,0.035
13,6601,0.081
13,6631,0.015
13,6635,0.018
13,6661,0.027
13,6670,0.195
13,6680,0.102
13,6711,0.141
13,6715,0.089
13,6741,0.096
13,6755,0.012
13,6757,0.205
13,6846,0.023
13,6859,0.159
13,6898,0.018
13,6933,0.153
13,6945,0.109
13,6957,0.035
13,6962,0.087
13,6965,0.997
13,7041,0.032
13,7053,0.187
13,7071,0.037
13,7098,0.065
13,7102,0.04
13,7105,0.153
13,7125,0.045
13,7135,0.027
13,7149,0.095
13,7169,0.046
13,7186,0.348
13,7189,0.058
13,7199,0.208
13,7209,0.639
13,7218,0.09
13,7299,0.012
13,7339,0.023
13,7346,0.853
13,7348,0.021
13,7363,0.054
13,7392,0.06
13,7425,0.018
13,7451,0.015
13,7452,0.105
13,7453,0.055
13,7467,0.012
13,7515,0.014
13,7540,0.106
13,7665,0.038
13,7733,0.033
13,7740,0.03
13,7747,0.983
13,7865,0.562
13,7872,0.566
13,7896,0.057
13,7899,0.012
13,7909,0.067
13,7920,0.026
13,7967,0.015
13,7983,0.134
13,7985,0.03
13,8004,0.098
13,8021,0.023
13,8044,0.055
13,8092,0.837
13,8199,0.015
13,8206,0.033
13,8276,0.066
13,8312,0.255
13,8330,0.046
13,8339,0.051
13,8345,0.015
13,8391,0.058
13,8416,0.164
13,8457,0.028
13,8483,0.05
13,8525,0.08
13,8542,0.046
13,8546,0.23
13,8566,0.146
13,8596,0.271
13,8620,0.511
13,8629,0.029
13,8649,0.075
13,8703,0.177
13,8742,0.115
13,8767,0.018
13,8772,0.102
13,8782,0.43
13,8806,0.021
13,8872,0.146
13,8919,0.061
13,8937,0.128
13,8944,0.14
13,8977,0.021
13,9004,0.376
13,9034,0.012
13,9067,0.209
13,9135,0.049
13,9163,0.062
13,9173,0.04
13,9183,0.118
13,9184,0.368
13,9204,0.068
13,9231,0.023
13,9247,0.018
13,9254,0.138
13,9268,0.06
13,9310,0.028
13,9323,0.015
13,9325,0.056
13,9350,0.095
13,9359,0.083
13,9372,0.193
13,9373,0.396
13,9411,0.174
13,9563,0.115
13,9640,0.258
13,9679,0.084
13,9729,0.148
13,9732,0.015
13,9737,0.263
13,9752,1.0
13,9761,0.045
13,9886,0.257
13,9894,0.06
13,9901,0.224
13,9905,0.078
13,9920,0.019
13,9921,0.015
13,9932,0.048
13,9946,0.1
13,9975,0.013
13,9998,0.015
13,10016,0.095
13,10032,0.722
13,10035,0.067
13,10038,0.032
13,10073,0.048
13,10085,0.035
13,10089,0.03
13,10100,0.964
13,10106,0.104
13,10141,0.135
13,10154,0.269
13,10182,0.14
13,10192,0.015
13,10207,0.033
13,10220,0.185
13,10256,0.939
13,10259,1.0
13,10315,0.09
13,10357,0.369
13,10389,0.02
13,10428,0.475
13,10449,0.04
13,10452,0.164
13,10462,0.062
13,10490,0.035
13,10503,0.061
13,10512,0.07
13,10516,0.073
13,10522,0.07
13,10551,0.087
13,10584,0.015
13,10586,0.098
13,10601,0.13
13,10604,0.077
13,10677,0.948
13,10680,0.058
13,10701,0.833
13,10742,0.215
13,10743,0.035
13,10774,0.027
13,10782,0.042
13,10785,0.047
13,10788,0.055
13,10796,0.068
13,10803,0.233
13,10819,0.165
13,10824,0.065
13,10832,0.975
13,10843,0.058
13,10852,0.023
13,10860,0.904
13,10882,0.052
13,10910,0.226
13,10911,0.302
13,10935,0.044
13,10956,0.555
13,10966,0.689
13,10980,0.047
13,10994,0.04
13,11031,0.021
13,11050,0.038
13,11077,0.088
13,11097,0.034
13,11118,0.761
13,11142,0.144
13,11168,0.023
13,11210,0.312
13,11227,0.082
13,11236,0.098
13,11282,0.024
13,11303,0.015
13,11349,0.816
13,11394,0.31
13,11397,0.202
13,11422,0.034
13,11440,0.407
13,11480,0.134
13,11488,0.054
13,11521,0.267
13,11524,0.075
13,11527,0.871
13,11536,0.1
13,11542,0.025
13,11603,0.639
13,11636,0.627
13,11662,0.083
13,11767,0.015
13,11785,0.015
13,11819,0.819
13,11831,0.075
13,11862,1.0
13,11866,0.018
13,11889,0.104
13,11937,0.129
13,11948,0.024
13,11951,0.047
13,11972,0.027
13,12017,0.051
13,12031,0.033
13,12059,0.041
13,12071,0.012
13,12106,0.479
13,12134,0.012
13,12156,0.173
13,12169,0.173
13,12246,0.016
13,12248,0.098
13,12278,0.012
13,12296,0.156
13,12346,0.018
13,12360,0.055
13,12367,0.136
13,12378,0.162
13,12408,0.581
13,12426,0.267
13,12448,0.02
13,12469,0.027
13,12473,0.524
13,12485,0.072
13,12519,0.03
13,12521,0.03
13,12584,0.047
13,12608,0.284
13,12666,0.547
13,12764,0.12
13,12855,0.296
13,12867,0.024
13,12920,0.013
13,12945,0.032
13,12948,0.036
13,12953,0.109
13,12963,0.983
13,12964,0.015
13,12973,0.182
13,13002,0.072
13,13010,0.171
13,13021,0.1
13,13023,0.023
13,13031,0.857
13,13042,0.015
13,13225,0.445
13,13254,0.638
13,13261,0.045
13,13323,0.084
13,13326,0.061
13,13361,0.018
13,13381,0.033
13,13387,0.149
13,13391,0.017
13,13429,0.094
13,13443,0.03
13,13459,0.015
13,13496,0.035
13,13500,0.02
13,13531,0.102
13,13548,0.555
13,13574,0.255
13,13597,0.993
13,13619,0.184
13,13655,0.359
13,13694,0.06
13,13703,0.403
13,13794,0.254
13,13817,0.339
13,13850,1.0
13,13879,0.015
13,13899,0.195
13,13949,0.294
13,13960,0.029
13,13969,0.054
13,14044,0.015
13,14072,0.057
13,14112,0.033
13,14199,0.066
13,14212,0.163
13,14213,0.43
13,14242,0.213
13,14243,0.276
13,14265,0.833
13,14328,0.07
13,14342,0.024
13,14352,0.424
13,14356,0.076
13,14358,0.035
13,14390,0.52
13,14410,0.949
13,14439,0.085
13,14479,0.08
13,14492,0.126
13,14530,0.559
13,14570,0.05
13,14670,0.089
13,14693,0.146
13,14710,0.18
13,14712,0.084
13,14782,0.033
13,14837,0.289
13,14858,0.056
13,14908,0.015
13,14985,0.131
13,14997,0.032
13,14999,0.239
13,15038,0.024
13,15053,0.159
13,15101,0.045
13,15131,0.093
13,15136,0.33
13,15145,0.036
13,15151,0.024
13,15162,0.039
13,15163,0.149
13,15179,0.285
13,15190,0.174
13,15201,0.02
13,15219,0.968
13,15233,0.061
13,15254,0.068
13,15285,0.095
13,15302,0.875
13,15322,0.033
13,15330,0.097
13,15344,0.623
13,15395,0.093
13,15416,0.085
13,15433,0.136
13,15437,0.039
13,15446,0.042
13,15466,0.701
13,15570,0.045
13,15594,0.793
13,15606,0.142
13,15610,0.02
13,15726,0.03
13,15727,0.047
13,15821,0.195
13,15840,0.076
13,15856,0.046
13,15897,0.286
13,15913,0.045
13,15916,0.207
13,15932,0.205
13,15951,0.046
13,15959,0.604
13,15984,0.015
13,16021,0.033
13,16054,0.074
13,16059,0.064
13,16068,0.218
13,16103,0.135
13,16130,0.018
13,16172,0.022
13,16188,0.099
13,16203,0.029
13,16219,0.025
13,16247,0.085
13,16248,0.041
13,16278,0.021
13,16302,0.398
13,16305,0.153
13,16324,0.045
13,16325,0.323
13,16333,0.035
13,16340,0.015
14,41,0.257
14,70,0.068
14,102,0.015
14,121,0.384
14,123,0.103
14,128,0.166
14,150,0.229
14,226,0.071
14,245,0.114
14,320,0.026
14,376,0.078
14,426,0.728
14,489,0.058
14,529,0.033
14,557,0.276
14,570,0.111
14,603,0.174
14,631,0.034
14,651,0.015
14,662,0.11
14,677,0.036
14,682,0.08
14,689,0.147
14,717,0.124
14,722,0.081
14,732,0.168
14,764,0.09
14,783,0.042
14,823,0.018
14,857,0.095
14,863,0.174
14,951,0.079
14,971,0.849
14,1010,0.068
14,1027,0.087
14,1074,0.286
14,1115,0.093
14,1129,0.047
14,1136,0.039
14,1213,0.084
14,1230,0.112
14,1264,0.981
14,1331,0.049
14,1368,0.096
14,1448,0.653
14,1464,0.181
14,1555,0.092
14,1575,0.099
14,1590,0.015
14,1594,0.281
14,1612,0.062
14,1616,0.554
14,1620,0.203
14,1631,0.049
14,1658,0.228
14,1750,0.071
14,1814,0.205
14,1909,0.042
14,2011,0.027
14,2026,0.066
14,2044,0.061
14,2063,0.079
14,2094,0.118
14,2149,0.125
14,2156,0.023
14,2216,0.081
14,2266,0.037
14,2282,0.015
14,2300,0.165
14,2307,0.042
14,2312,0.053
14,2318,0.083
14,2360,0.38
14,2383,0.199
14,2475,0.679
14,2482,0.145
14,2488,0.106
14,2556,0.283
14,2588,1.0
14,2638,0.047
14,2666,0.031
14,2684,0.326
14,2692,0.047
14,2700,0.19
14,2753,0.208
14,2768,0.116
14,2878,0.083
14,2883,0.085
14,2927,0.047
14,2938,0.197
14,2941,0.022
14,3076,0.52
14,3081,0.104
14,3102,0.088
14,3122,0.041
14,3169,0.824
14,3174,0.269
14,3234,0.2
14,3279,0.016
14,3290,0.624
14,3304,0.156
14,3317,0.13
14,3318,0.051
14,3352,0.03
14,3355,0.111
14,3370,0.039
14,3389,0.902
14,3395,0.039
14,3401,0.035
14,3427,0.482
14,3451,0.462
14,3480,0.147
14,3491,0.497
14,3576,0.106
14,3604,0.886
14,3756,0.135
14,3798,0.188
14,3820,0.015
14,3881,0.047
14,3944,0.027
14,3963,0.191
14,3982,0.499
14,4015,0.229
14,4022,0.035
14,4070,0.12
14,4074,0.016
14,4128,0.048
14,4145,0.502
14,4193,0.342
14,4234,0.262
14,4280,0.038
14,4344,0.127
14,4348,0.051
14,4407,0.032
14,4430,0.171
14,4436,0.026
14,4495,0.015
14,4554,0.54
14,4587,0.018
14,4626,0.42
14,4650,0.211
14,4672,1.0
14,4683,0.167
14,4717,0.129
14,4746,0.035
14,4792,0.306
14,4801,0.088
14,4811,0.069
14,4841,0.057
14,4843,0.045
14,4854,0.225
14,4904,0.22
14,4960,0.069
14,5055,0.558
14,5141,0.05
14,5146,0.03
14,5153,0.27
14,5157,0.864
14,5192,0.149
14,5230,0.02
14,5232,0.023
14,5240,0.588
14,5251,0.064
14,5270,0.024
14,5284,0.021
14,5323,0.034
14,5332,0.907
14,5339,0.297
14,5356,0.07
14,5384,0.046
14,5415,0.182
14,5416,0.015
14,5484,0.126
14,5492,0.066
14,5495,0.032
14,5508,0.015
14,5509,0.021
14,5524,0.124
14,5539,0.214
14,5570,0.12
14,5657,0.015
14,5690,0.591
14,5748,0.031
14,5772,0.647
14,5802,0.097
14,5814,0.356
14,5840,0.137
14,5928,0.097
14,5948,0.19
14,5960,0.393
14,5990,0.984
14,6078,0.194
14,6107,0.012
14,6147,1.0
14,6157,0.895
14,6176,0.156
14,6209,0.209
14,6210,0.055
14,6224,0.996
14,6225,0.191
14,6228,0.085
14,6232,0.019
14,6244,0.164
14,6254,0.069
14,6297,0.016
14,6329,0.252
14,6364,0.087
14,6365,0.358
14,6385,0.063
14,6390,0.037
14,6432,0.279
14,6448,0.17
14,6474,0.08
14,6476,0.17
14,6514,1.0
14,6585,0.134
14,6621,0.751
14,6665,0.541
14,6669,0.028
14,6678,0.172
14,6719,0.035
14,6759,0.979
14,6864,0.165
14,6900,0.341
14,6934,0.133
14,6953,0.11
14,6969,0.067
14,6991,0.099
14,7001,0.327
14,7052,0.082
14,7087,0.328
14,7099,0.156
14,7199,0.024
14,7239,0.632
14,7312,0.033
14,7346,0.281
14,7354,0.059
14,7392,0.577
14,7458,0.139
14,7484,0.018
14,7520,0.216
14,7524,0.045
14,7564,0.206
14,7570,0.015
14,7722,0.394
14,7844,0.015
14,7870,0.35
14,7875,0.206
14,7910,0.974
14,8000,0.015
14,8010,0.035
14,8020,0.06
14,8047,0.019
14,8063,0.069
14,8092,0.58
14,8186,0.225
14,8219,0.066
14,8233,0.544
14,8280,0.08
14,8297,0.993
14,8394,0.435
14,8400,0.111
14,8424,0.015
14,8471,0.041
14,8524,0.199
14,8534,0.135
14,8536,0.033
14,8569,0.089
14,8616,0.021
14,8625,0.048
14,8638,0.059
14,8699,0.09
14,8714,0.029
14,8737,0.03
14,8775,0.021
14,8784,0.079
14,8895,1.0
14,8954,0.027
14,8962,0.25
14,8985,0.075
14,9001,0.033
14,9031,0.488
14,9082,0.02
14,9104,0.626
14,9121,0.012
14,9155,0.148
14,9164,0.027
14,9166,0.979
14,9173,0.043
14,9179,0.25
14,9205,0.067
14,9236,0.248
14,9365,0.137
14,9385,0.805
14,9388,0.018
14,9457,0.296
14,9486,0.477
14,9492,0.189
14,9552,0.024
14,9554,0.751
14,9557,0.146
14,9558,0.065
14,9587,0.018
14,9603,0.883
14,9632,0.127
14,9649,0.231
14,9664,0.15
14,9672,0.12
14,9719,1.0
14,9752,0.207
14,9802,0.167
14,9813,0.147
14,9831,0.289
14,9890,0.265
14,9920,0.032
14,9931,0.54
14,9940,0.14
14,9956,0.02
14,9957,0.147
14,9968,0.127
14,9979,0.232
14,9995,0.023
14,10032,0.435
14,10051,0.089
14,10088,0.023
14,10091,0.754
14,10175,0.029
14,10260,0.192
14,10271,0.105
14,10292,0.025
14,10337,0.141
14,10338,0.759
14,10374,0.101
14,10395,0.297
14,10398,0.889
14,10422,0.01
14,10431,0.036
14,10449,0.128
14,10457,0.166
14,10522,0.012
14,10556,0.212
14,10698,0.24
14,10705,0.024
14,10734,0.051
14,10736,0.266
14,10741,0.964
14,10812,0.024
14,10900,0.076
14,10905,0.114
14,10911,0.228
14,10972,0.022
14,11013,0.248
14,11057,0.991
14,11079,0.055
14,11081,0.03
14,11167,0.528
14,11179,0.062
14,11181,0.13
14,11193,0.084
14,11217,0.024
14,11234,0.02
14,11260,0.04
14,11340,0.312
14,11411,0.284
14,11426,0.133
14,11435,0.031
14,11443,0.074
14,11547,0.397
14,11554,0.718
14,11564,1.0
14,11572,0.644
14,11576,0.047
14,11581,0.045
14,11591,0.012
14,11626,0.069
14,11657,0.11
14,11664,0.021
14,11665,0.257
14,11699,0.022
14,11714,0.084
14,11750,0.015
14,11754,0.098
14,11793,0.076
14,11806,0.249
14,11812,0.991
14,11815,0.055
14,11864,0.444
14,11934,0.75
14,11971,0.157
14,11984,0.057
14,11991,0.177
14,12017,0.018
14,12146,0.05
14,12234,0.016
14,12244,0.128
14,12245,0.02
14,12253,0.11
14,12261,0.135
14,12262,0.015
14,12312,0.02
14,12320,0.115
14,12322,0.052
14,12407,0.191
14,12457,0.071
14,12460,0.349
14,12560,0.087
14,12582,0.073
14,12590,0.542
14,12593,0.02
14,12607,0.148
14,12625,0.023
14,12673,0.051
14,12689,0.047
14,12715,0.018
14,12719,0.035
14,12734,0.207
14,12754,0.062
14,12833,0.064
14,12843,0.081
14,12885,0.959
14,12924,0.035
14,12951,0.043
14,12955,0.085
14,12957,0.307
14,12965,0.498
14,13043,0.036
14,13066,0.98
14,13095,0.758
14,13101,0.045
14,13108,0.206
14,13139,0.124
14,13146,0.534
14,13164,0.016
14,13166,0.024
14,13179,0.269
14,13220,1.0
14,13223,0.997
14,13247,0.02
14,13249,0.169
14,13261,0.118
14,13282,0.996
14,13294,0.015
14,13316,0.776
14,13419,0.066
14,13466,0.368
14,13467,0.132
14,13470,0.184
14,13503,0.022
14,13513,0.317
14,13520,0.878
14,13571,0.025
14,13631,0.047
14,13663,0.08
14,13670,0.036
14,13721,0.059
14,13750,0.436
14,13753,0.085
14,13810,0.841
14,13873,0.02
14,13934,0.503
14,13978,0.093
14,14015,0.035
14,14024,0.077
14,14031,0.591
14,14043,0.601
14,14061,0.432
14,14094,0.022
14,14110,0.061
14,14167,0.056
14,14176,0.141
14,14191,0.155
14,14199,0.137
14,14201,0.019
14,14215,0.363
14,14276,0.19
14,14322,0.188
14,14330,0.059
14,14339,0.025
14,14342,0.029
14,14344,0.075
14,14386,0.284
14,14436,0.015
14,14446,0.015
14,14468,0.095
14,14477,0.363
14,14520,0.059
14,14533,0.907
14,14576,0.851
14,14623,0.249
14,14661,0.024
14,14663,0.083
14,14739,0.048
14,14762,0.412
14,14788,0.989
14,14878,0.278
14,14922,0.294
14,14929,0.066
14,14950,0.189
14,14966,0.019
14,14983,0.121
14,14986,0.012
14,15021,0.018
14,15038,0.093
14,15090,0.175
14,15097,0.02
14,15166,0.075
14,15222,0.015
14,15257,0.273
14,15324,0.244
14,15338,0.031
14,15364,0.341
14,15388,0.231
14,15424,0.055
14,15433,0.487
14,15440,0.929
14,15453,0.365
14,15464,0.241
14,15496,0.986
14,15572,0.083
14,15616,0.036
14,15634,0.83
14,15655,0.972
14,15756,0.012
14,15777,0.733
14,15859,0.105
14,15860,0.018
14,15898,0.045
14,15924,0.996
14,15948,0.016
14,16020,0.07
14,16053,0.061
14,16076,0.633
14,16077,0.209
14,16086,0.139
14,16113,0.046
14,16129,0.109
14,16133,0.133
14,16145,0.092
14,16153,0.49
14,16177,0.052
14,16229,0.349
14,16300,0.715
14,16332,0.092
14,16338,0.379
14,16372,0.109
14,16377,0.996
15,81,0.255
15,114,0.049
15,150,0.101
15,164,0.096
15,220,0.767
15,329,0.68
15,388,0.508
15,451,0.09
15,459,0.724
15,477,0.119
15,664,0.203
15,669,0.032
15,867,0.127
15,909,0.607
15,910,0.181
15,930,0.407
15,991,0.027
15,1038,0.947
15,1057,0.908
15,1098,0.873
15,1186,0.591
15,1206,0.076
15,1281,0.108
15,1412,0.545
15,1465,0.377
15,1480,0.681
15,1513,0.018
15,1518,0.083
15,1534,0.062
15,1690,0.018
15,1698,0.556
15,1827,0.157
15,1873,0.72
15,1891,0.047
15,1912,0.034
15,1925,0.296
15,1978,1.0
15,1987,0.367
15,2006,0.023
15,2033,0.111
15,2045,0.678
15,2082,0.061
15,2110,0.557
15,2135,0.071
15,2197,0.981
15,2227,0.116
15,2288,0.386
15,2356,0.038
15,2418,0.081
15,2451,0.038
15,2506,0.095
15,2515,0.952
15,2530,0.055
15,2543,0.101
15,2578,0.134
15,2616,0.22
15,2650,0.58
15,2657,0.307
15,2671,0.1
15,2672,0.333
15,2696,0.017
15,2723,0.011
15,2831,0.07
15,2848,0.382
15,2851,0.289
15,2860,1.0
15,2882,0.973
15,2929,0.405
15,2978,0.062
15,3020,0.11
15,3071,0.169
15,3128,0.038
15,3131,0.109
15,3208,0.198
15,3222,0.604
15,3255,0.192
15,3283,0.157
15,3362,0.972
15,3404,0.034
15,3417,0.06
15,3455,0.154
15,3494,0.058
15,3531,0.027
15,3532,0.1
15,3542,0.217
15,3601,0.558
15,3677,0.034
15,3760,0.11
15,3778,0.015
15,3812,0.038
15,3858,0.012
15,3917,0.266
15,3935,0.056
15,4102,0.181
15,4186,0.01
15,4240,0.03
15,4426,0.035
15,4489,0.261
15,4510,0.082
15,4538,0.023
15,4605,0.148
15,4610,0.012
15,4694,0.919
15,4822,1.0
15,4843,0.111
15,4879,0.926
15,4924,0.035
15,5021,0.086
15,5041,0.015
15,5074,0.015
15,5126,0.99
15,5207,0.918
15,5266,0.076
15,5287,0.186
15,5392,0.279
15,5436,0.744
15,5459,0.147
15,5557,0.351
15,5587,0.404
15,5745,0.045
15,5746,0.028
15,5761,0.025
15,5766,0.107
15,5798,0.05
15,5801,0.102
15,5843,0.177
15,6020,0.02
15,6026,0.72
15,6047,0.028
15,6078,0.018
15,6079,0.45
15,6125,0.426
15,6127,0.583
15,6166,0.997
15,6225,0.058
15,6347,0.078
15,6374,0.18
15,6409,0.012
15,6422,0.243
15,6424,0.845
15,6468,0.168
15,6472,0.98
15,6629,0.024
15,6632,0.171
15,6678,0.012
15,6680,0.179
15,6688,0.394
15,6721,0.494
15,6783,0.033
15,6808,0.394
15,6812,1.0
15,6875,0.955
15,6888,0.174
15,6944,0.985
15,6981,0.177
15,7000,0.983
15,7035,0.294
15,7044,0.02
15,7064,0.088
15,7096,0.144
15,7097,0.03
15,7107,0.042
15,7205,0.039
15,7219,0.018
15,7229,0.095
15,7382,0.029
15,7405,0.09
15,7434,0.06
15,7447,0.277
15,7458,0.132
15,7469,0.035
15,7567,0.997
15,7674,0.016
15,7695,0.083
15,7716,0.052
15,7777,0.09
15,7789,0.162
15,7792,0.569
15,7802,0.063
15,7817,0.035
15,7841,0.035
15,7948,0.015
15,7949,0.225
15,7957,0.939
15,8066,0.996
15,8128,0.087
15,8253,0.039
15,8365,0.135
15,8385,0.021
15,8599,0.044
15,8658,0.08
15,8674,0.014
15,8708,0.096
15,8714,0.139
15,8739,0.272
15,8761,0.425
15,8795,0.074
15,8867,0.057
15,8876,0.035
15,8889,0.937
15,8901,0.116
15,8918,0.044
15,8929,0.133
15,8945,0.339
15,8948,0.133
15,8972,0.038
15,9086,0.071
15,9110,0.977
15,9119,0.024
15,9210,0.033
15,9224,0.512
15,9274,0.138
15,9291,0.066
15,9308,0.521
15,9317,0.056
15,9329,0.541
15,9353,0.393
15,9388,0.048
15,9466,0.069
15,9475,0.219
15,9533,0.012
15,9545,0.095
15,9557,0.17
15,9602,0.291
15,9653,0.163
15,9678,0.02
15,9708,0.015
15,9742,0.015
15,9784,0.204
15,9838,0.204
15,9871,0.996
15,9942,0.491
15,9963,0.026
15,10024,0.997
15,10101,0.021
15,10123,0.954
15,10166,0.743
15,10209,0.048
15,10348,0.233
15,10364,0.218
15,10443,0.203
15,10486,0.177
15,10523,0.103
15,10532,0.048
15,10590,0.044
15,10671,0.253
15,10774,0.171
15,10840,1.0
15,10883,0.718
15,10900,0.321
15,10942,0.171
15,11052,0.127
15,11145,0.031
15,11175,0.079
15,11182,0.606
15,11264,0.271
15,11272,0.01
15,11333,0.311
15,11427,0.156
15,11457,0.17
15,11542,0.083
15,11552,0.112
15,11561,0.433
15,11567,0.156
15,11662,0.078
15,11813,0.967
15,11840,0.131
15,11845,0.163
15,11902,0.2
15,11943,0.04
15,11956,0.02
15,11968,0.052
15,12086,0.375
15,12130,0.444
15,12186,0.012
15,12286,0.068
15,12287,0.462
15,12312,0.298
15,12470,0.631
15,12556,0.966
15,12589,0.831
15,12593,0.335
15,12708,0.099
15,12742,0.218
15,12756,0.021
15,12889,0.073
15,12922,0.211
15,12951,0.064
15,12952,0.145
15,12957,0.047
15,12964,0.349
15,13044,0.158
15,13058,0.237
15,13105,0.012
15,13173,0.015
15,13189,0.143
15,13263,0.488
15,13353,0.062
15,13485,0.407
15,13498,0.016
15,13540,0.397
15,13604,0.044
15,13676,0.041
15,13711,0.1
15,13739,0.068
15,13766,0.107
15,13782,0.122
15,13796,0.023
15,13803,0.206
15,13876,0.019
15,13879,0.063
15,13910,0.06
15,14049,0.04
15,14060,0.135
15,14100,0.441
15,14166,0.015
15,14234,0.98
15,14247,0.182
15,14361,0.135
15,14376,0.514
15,14412,0.291
15,14420,0.046
15,14441,0.099
15,14573,0.982
15,14622,0.022
15,14641,0.016
15,14654,0.904
15,14659,0.529
15,14704,0.035
15,14879,0.023
15,15181,0.229
15,15185,0.225
15,15238,0.014
15,15258,0.018
15,15271,0.862
15,15370,0.024
15,15520,0.325
15,15531,0.046
15,15574,0.191
15,15588,0.06
15,15664,0.021
15,15734,0.884
15,15742,0.015
15,15756,0.656
15,15790,0.768
15,16028,0.016
15,16037,0.235
15,16057,0.753
15,16172,0.126
15,16176,0.015
15,16181,0.056
15,16226,0.012
15,16280,0.608
15,16382,0.249
16,57,0.083
16,140,0.832
16,184,0.152
16,284,0.576
16,355,0.234
16,361,0.099
16,402,0.969
16,481,0.053
16,501,0.015
16,640,0.154
16,646,0.071
16,660,0.055
16,720,0.042
16,786,0.307
16,823,0.093
16,847,0.419
16,865,0.35
16,899,0.028
16,945,0.02
16,987,0.015
16,1195,0.012
16,1299,0.027
16,1311,0.075
16,1357,0.641
16,1503,0.058
16,1556,0.085
16,1664,0.294
16,1748,0.066
16,1760,0.796
16,1779,0.083
16,1789,0.171
16,2079,0.11
16,2091,0.295
16,2102,0.184
16,2105,0.917
16,2157,0.09
16,2245,0.265
16,2289,0.015
16,2455,0.308
16,2538,0.018
16,2549,0.643
16,2759,0.153
16,2766,0.014
16,2846,0.126
16,2864,0.887
16,2918,0.627
16,2939,0.989
16,3070,0.113
16,3129,0.116
16,3263,0.058
16,3305,0.904
16,3327,0.054
16,3461,0.026
16,3518,0.978
16,3593,0.126
16,3707,0.075
16,3720,0.124
16,3761,0.099
16,3863,1.0
16,3867,0.582
16,3870,0.023
16,3908,0.014
16,3924,0.015
16,3983,0.248
16,4034,0.247
16,4101,0.994
16,4164,0.206
16,4218,0.192
16,4229,0.027
16,4242,0.98
16,4355,0.201
16,4387,0.202
16,4521,0.299
16,4617,0.068
16,4644,0.758
16,4645,0.197
16,4848,0.76
16,5051,0.982
16,5105,0.097
16,5155,0.144
16,5267,0.075
16,5276,0.649
16,5287,0.784
16,5325,0.029
16,5326,0.263
16,5367,0.015
16,5380,0.126
16,5409,0.948
16,5459,0.403
16,5471,0.093
16,5593,0.098
16,5614,0.014
16,5648,0.149
16,5815,0.924
16,5865,0.174
16,6340,0.1
16,6543,0.016
16,6593,0.112
16,6678,0.066
16,6812,0.066
16,6833,0.957
16,6893,0.85
16,6898,0.167
16,6910,0.469
16,7140,0.135
16,7270,0.101
16,7288,0.036
16,7331,0.098
16,7358,0.198
16,7420,0.233
16,7496,0.015
16,7576,0.143
16,7786,0.353
16,7867,0.057
16,7885,0.107
16,7934,0.015
16,7935,0.081
16,8071,0.467
16,8077,0.951
16,8078,0.208
16,8096,0.516
16,8098,0.436
16,8230,0.03
16,8252,0.445
16,8300,0.015
16,8370,0.303
16,8408,0.116
16,8482,0.776
16,8552,0.259
16,8631,0.255
16,8642,1.0
16,8798,0.089
16,8852,0.328
16,8868,0.057
16,9057,0.042
16,9213,0.266
16,9237,0.014
16,9288,0.015
16,9299,0.288
16,9426,0.757
16,9442,0.74
16,9462,0.253
16,9492,0.016
16,9607,0.083
16,9627,0.227
16,9764,0.27
16,9823,0.975
16,9824,0.124
16,10235,0.263
16,10347,0.979
16,10589,0.051
16,10660,0.986
16,10815,0.043
16,10851,0.074
16,10860,0.272
16,10902,0.997
16,10931,0.15
16,10945,0.015
16,10969,0.025
16,11099,0.055
16,11211,0.214
16,11340,0.057
16,11443,0.012
16,11544,0.028
16,11648,0.09
16,11668,0.03
16,11685,0.024
16,11782,0.116
16,11844,0.046
16,11910,0.126
16,11934,0.122
16,12013,0.98
16,12109,0.475
16,12143,0.12
16,12180,0.707
16,12236,0.226
16,12276,0.019
16,12283,0.182
16,12304,0.096
16,12428,0.027
16,12480,0.058
16,12529,0.035
16,12645,0.048
16,12721,0.777
16,12800,0.964
16,13050,0.347
16,13106,0.245
16,13117,0.33
16,13125,0.232
16,13128,0.219
16,13155,0.233
16,13156,0.584
16,13195,0.254
16,13294,0.117
16,13375,0.996
16,13397,0.163
16,13457,0.104
16,13483,0.055
16,13573,0.219
16,13633,0.167
16,13636,0.989
16,13643,0.024
16,13704,0.649
16,13751,0.038
16,13820,0.266
16,13848,0.253
16,13854,0.303
16,13882,0.068
16,13912,0.212
16,13922,0.027
16,13957,0.504
16,13973,0.015
16,14131,0.013
16,14138,1.0
16,14174,0.29
16,14188,0.357
16,14208,0.429
16,14236,0.116
16,14329,0.973
16,14383,0.134
16,14691,0.33
16,14759,0.412
16,14799,0.084
16,14883,0.628
16,14891,0.257
16,14899,0.43
16,14942,0.448
16,15103,0.019
16,15186,0.169
16,15187,0.954
16,15200,0.623
16,15301,0.123
16,15320,0.773
16,15475,0.121
16,15479,0.781
16,15530,0.283
16,15564,0.862
16,15577,0.443
16,15642,0.068
16,15762,0.995
16,15916,0.179
16,16253,0.286
16,16263,0.629
17,30,0.487
17,39,0.095
17,67,0.034
17,79,0.14
17,101,0.777
17,169,0.015
17,176,0.418
17,188,0.662
17,197,0.113
17,258,0.253
17,570,0.718
17,645,0.37
17,688,0.059
17,755,0.108
17,764,0.317
17,923,0.055
17,972,0.037
17,984,0.347
17,1096,0.029
17,1118,0.274
17,1176,0.456
17,1195,0.126
17,1262,0.886
17,1300,0.915
17,1306,0.627
17,1414,0.139
17,1501,0.032
17,1531,0.039
17,1593,0.283
17,1606,0.021
17,1661,0.06
17,1682,0.399
17,1909,0.01
17,1986,0.14
17,2004,0.526
17,2016,1.0
17,2069,0.997
17,2080,0.229
17,2301,0.772
17,2324,0.546
17,2380,0.11
17,2398,0.622
17,2468,0.088
17,2523,0.335
17,2568,0.143
17,2614,1.0
17,2846,0.027
17,2979,0.492
17,3099,0.342
17,3148,0.032
17,3152,0.996
17,3347,0.284
17,3412,0.289
17,3459,0.263
17,3532,0.872
17,3712,0.882
17,3850,0.163
17,3882,0.581
17,3953,0.506
17,4111,0.087
17,4144,0.11
17,4324,1.0
17,4337,0.012
17,4469,0.52
17,4498,0.064
17,4560,0.103
17,4567,0.276
17,4612,0.308
17,4722,0.061
17,4752,0.105
17,5038,0.965
17,5085,0.932
17,5108,0.327
17,5137,0.069
17,5313,0.313
17,5330,0.119
17,5388,0.06
17,5590,0.524
17,5626,0.23
17,5663,0.16
17,5710,0.137
17,5713,0.308
17,5869,0.851
17,5941,0.476
17,6052,0.215
17,6060,0.073
17,6110,0.084
17,6126,0.285
17,6294,0.55
17,6371,0.235
17,6417,0.98
17,6485,0.303
17,6536,0.124
17,6554,0.024
17,6618,0.533
17,6800,0.994
17,7037,0.128
17,7066,0.39
17,7079,0.913
17,7146,0.337
17,7169,0.28
17,7252,0.122
17,7360,0.272
17,7393,0.879
17,7427,0.015
17,7548,0.98
17,7713,0.21
17,7742,0.179
17,7803,0.151
17,7825,0.185
17,7954,0.271
17,7973,0.526
17,8114,0.081
17,8203,0.42
17,8209,0.313
17,8225,0.269
17,8228,0.581
17,8242,0.094
17,8267,0.041
17,8382,0.305
17,8389,0.093
17,8437,0.197
17,8552,0.154
17,8830,0.611
17,8863,0.257
17,8949,0.018
17,8963,0.28
17,8991,0.6
17,9161,0.035
17,9237,0.596
17,9252,0.194
17,9267,0.883
17,9288,0.029
17,9356,0.024
17,9470,0.018
17,9585,0.931
17,9744,0.111
17,9778,0.02
17,9877,0.534
17,9996,0.05
17,9997,0.284
17,10052,0.175
17,10561,0.194
17,10568,0.672
17,10616,0.016
17,10683,0.973
17,10709,0.948
17,10812,0.101
17,10844,0.029
17,10995,0.087
17,11094,0.855
17,11130,0.043
17,11141,0.112
17,11176,0.516
17,11244,0.103
17,11275,0.043
17,11278,0.012
17,11299,0.987
17,11308,0.978
17,11344,0.807
17,11397,0.206
17,11540,0.937
17,11569,0.226
17,11583,0.028
17,11738,0.138
17,11774,0.07
17,11868,0.069
17,12066,0.046
17,12150,0.804
17,12334,0.014
17,12365,0.147
17,12377,0.437
17,12400,0.077
17,12503,0.841
17,12553,0.052
17,12563,0.174
17,13056,0.218
17,13137,0.11
17,13141,0.113
17,13144,1.0
17,13164,0.021
17,13212,0.049
17,13364,0.279
17,13416,0.142
17,13429,0.027
17,13459,0.454
17,13714,0.248
17,13863,0.463
17,13864,0.142
17,13882,0.236
17,13917,0.833
17,13957,0.486
17,13963,0.015
17,13967,0.107
17,14095,0.25
17,14239,0.067
17,14289,0.123
17,14322,0.122
17,14395,0.057
17,14439,0.263
17,14475,1.0
17,14577,0.25
17,14660,0.539
17,14751,0.047
17,14779,0.044
17,14780,0.457
17,14802,0.014
17,14906,0.037
17,15001,0.02
17,15038,0.015
17,15141,0.057
17,15190,0.258
17,15303,0.027
17,15613,0.123
17,15663,0.546
17,15749,0.181
17,15754,0.297
17,15779,0.071
17,15882,0.989
17,15886,0.245
17,15916,0.13
17,15964,0.454
17,16027,0.106
17,16028,0.034
17,16053,0.346
17,16296,0.337
17,16304,0.401
17,16356,0.154
17,16376,0.043
18,76,0.462
18,100,0.029
18,161,0.04
18,176,0.124
18,220,0.15
18,254,0.17
18,432,0.452
18,439,0.997
18,654,0.192
18,682,0.226
18,732,0.07
18,924,0.095
18,1005,0.626
18,1032,0.026
18,1040,0.039
18,1182,0.112
18,1220,0.269
18,1266,0.082
18,1406,0.439
18,1489,0.242
18,1532,0.459
18,1660,0.7
18,1663,0.205
18,1769,0.693
18,1792,0.098
18,1904,0.994
18,1981,0.419
18,2059,0.026
18,2118,0.171
18,2244,0.283
18,2255,0.042
18,2402,0.077
18,2494,0.106
18,2590,0.038
18,2596,0.404
18,2779,0.098
18,2830,0.974
18,2842,0.129
18,2881,0.013
18,2919,0.328
18,3066,0.214
18,3098,0.986
18,3123,0.27
18,3230,0.31
18,3325,0.254
18,3333,0.442
18,3461,0.167
18,3474,0.994
18,3483,0.226
18,3511,0.034
18,3541,0.056
18,3586,0.08
18,3877,0.874
18,3942,0.911
18,4016,0.434
18,4238,0.24
18,4291,0.131
18,4298,0.142
18,4496,0.478
18,4566,0.086
18,4607,0.068
18,4643,0.339
18,4659,0.051
18,4667,0.997
18,4675,0.704
18,4695,0.325
18,4698,0.064
18,4775,0.107
18,4896,0.501
18,4942,0.045
18,4950,0.078
18,5000,0.445
18,5135,0.992
18,5274,0.061
18,5410,0.072
18,5445,0.181
18,5454,0.392
18,5463,0.021
18,5511,0.823
18,5661,0.853
18,5800,0.906
18,5859,0.092
18,5894,0.126
18,5921,0.411
18,5937,0.112
18,6150,0.012
18,6322,0.547
18,6497,0.027
18,6506,0.109
18,6937,0.291
18,6959,0.02
18,6989,0.01
18,7053,0.151
18,7200,0.477
18,7232,0.62
18,7315,0.036
18,7356,0.041
18,7403,0.124
18,7485,0.168
18,7500,0.322
18,7521,0.403
18,7568,0.087
18,7649,0.754
18,7811,0.064
18,7921,0.494
18,7932,0.191
18,8040,0.369
18,8077,0.059
18,8080,0.305
18,8146,0.01
18,8172,0.226
18,8189,0.46
18,8223,0.095
18,8295,0.172
18,8306,0.135
18,8433,0.349
18,8435,0.01
18,8437,0.94
18,8579,0.048
18,8620,0.073
18,8732,0.016
18,8847,0.112
18,8881,0.267
18,8883,0.715
18,8984,0.816
18,8987,0.048
18,9164,0.129
18,9427,0.551
18,9431,0.137
18,9446,0.06
18,9518,0.901
18,9597,0.236
18,9695,0.103
18,9710,0.242
18,9791,0.301
18,9857,0.032
18,9891,0.978
18,10002,0.568
18,10019,0.556
18,10087,0.346
18,10103,0.171
18,10134,0.883
18,10148,0.332
18,10175,0.228
18,10278,0.12
18,10490,0.188
18,10537,0.235
18,10574,0.036
18,10674,0.275
18,10744,0.126
18,10779,0.055
18,10818,0.253
18,11063,0.064
18,11179,0.038
18,11231,0.063
18,11279,0.024
18,11299,0.993
18,11328,0.053
18,11361,0.022
18,11402,0.421
18,11438,0.279
18,11471,0.666
18,11715,0.263
18,11748,0.679
18,11907,0.014
18,12025,0.015
18,12059,0.914
18,12140,0.546
18,12359,0.012
18,12376,1.0
18,12389,0.29
18,12420,0.032
18,12491,0.033
18,12556,0.184
18,12611,0.064
18,12614,0.35
18,12675,0.011
18,12706,0.414
18,12751,0.483
18,12834,0.224
18,12912,0.096
18,12968,0.623
18,13091,0.025
18,13155,0.71
18,13159,0.067
18,13195,0.034
18,13231,0.103
18,13248,0.468
18,13308,0.046
18,13392,0.235
18,13540,0.15
18,13558,0.012
18,13581,0.064
18,13702,0.685
18,13720,0.246
18,13935,0.365
18,13962,0.984
18,13975,0.194
18,14288,0.126
18,14396,0.217
18,14416,0.101
18,14419,0.165
18,14456,0.517
18,14513,0.996
18,14531,0.092
18,14594,0.14
18,14607,0.034
18,14672,0.12
18,14684,0.541
18,14707,0.374
18,14773,0.056
18,14797,0.088
18,14842,0.097
18,14855,0.209
18,14861,0.777
18,14868,0.104
18,14941,0.31
18,14966,0.237
18,14999,0.179
18,15044,0.121
18,15057,0.063
18,15086,0.083
18,15204,0.213
18,15226,0.031
18,15260,0.103
18,15265,0.167
18,15367,0.105
18,15416,0.173
18,15417,0.422
18,15472,0.164
18,15525,0.078
18,15576,0.366
18,15585,0.411
18,15716,0.042
18,15722,0.111
18,15724,0.043
18,15760,0.87
18,15762,0.774
18,15779,0.042
18,15831,0.426
18,15987,0.146
18,16041,0.182
18,16042,0.399
18,16046,0.112
18,16048,0.103
18,16054,0.894
18,16069,0.028
18,16140,0.144
18,16194,0.041
18,16283,0.015
18,16318,0.083
18,16324,0.177
18,16332,0.429
19,58,0.561
19,75,0.055
19,131,0.867
19,142,0.414
19,150,0.012
19,164,0.747
19,278,0.16
19,506,0.284
19,589,0.021
19,695,1.0
19,961,0.236
19,996,0.306
19,1058,0.865
19,1070,0.414
19,1237,0.195
19,1241,0.213
19,1250,0.128
19,1264,0.168
19,1279,0.55
19,1603,0.15
19,1816,0.972
19,2343,0.113
19,2406,0.082
19,2427,0.394
19,2515,1.0
19,2525,0.083
19,2553,0.482
19,2585,0.255
19,2592,0.271
19,2644,0.895
19,2677,0.367
19,2679,0.028
19,2725,0.064
19,2734,0.03
19,2852,0.952
19,2878,0.183
19,2916,0.492
19,2953,0.34
19,3184,0.148
19,3185,0.068
19,3196,0.166
19,3202,0.226
19,3348,0.2
19,3463,0.506
19,3480,0.321
19,3523,0.266
19,3593,0.161
19,3690,0.01
19,3716,0.113
19,3749,0.3
19,3806,0.066
19,3887,0.491
19,3946,0.11
19,3981,0.02
19,4055,0.404
19,4195,0.951
19,4261,0.166
19,4300,0.406
19,4354,0.129
19,4489,0.435
19,4517,0.177
19,4570,0.964
19,4677,0.2
19,4764,0.044
19,4813,0.204
19,4861,0.666
19,4934,0.365
19,4989,0.139
19,5029,0.012
19,5260,0.399
19,5382,0.012
19,5498,0.971
19,5556,1.0
19,5892,0.753
19,6069,0.012
19,6173,0.466
19,6216,0.132
19,6257,0.025
19,6388,0.177
19,6571,0.27
19,6623,0.541
19,6636,0.022
19,6772,0.121
19,6811,0.086
19,6842,0.142
19,6911,0.475
19,6965,0.045
19,7063,0.425
19,7095,0.776
19,7098,0.233
19,7153,0.062
19,7167,0.405
19,7209,0.05
19,7283,0.108
19,7290,0.499
19,7307,0.733
19,7421,0.412
19,7496,0.06
19,7561,0.04
19,7684,0.732
19,7696,0.679
19,7872,0.539
19,7946,0.206
19,8011,0.036
19,8029,0.013
19,8032,0.542
19,8066,0.161
19,8108,0.117
19,8336,0.077
19,8350,0.226
19,8857,0.065
19,8976,0.168
19,9035,0.529
19,9067,0.386
19,9571,0.103
19,9606,0.838
19,9701,0.012
19,9786,0.055
19,9790,0.734
19,9803,0.12
19,9857,0.214
19,9890,0.905
19,9947,0.078
19,10093,0.015
19,10204,0.196
19,10259,0.377
19,10306,0.449
19,10343,1.0
19,10358,0.128
19,10403,0.015
19,10600,0.03
19,10652,0.489
19,10693,0.431
19,10701,0.254
19,10769,0.071
19,10820,0.037
19,10972,0.018
19,11015,0.38
19,11027,0.071
19,11063,0.113
19,11119,0.08
19,11890,0.038
19,11925,0.424
19,11984,0.197
19,12208,0.122
19,12264,1.0
19,12434,0.956
19,12462,0.079
19,12543,0.148
19,12545,1.0
19,12601,0.083
19,12658,0.015
19,12708,0.337
19,12777,0.17
19,12805,0.012
19,12885,0.25
19,12914,1.0
19,13117,0.306
19,13254,0.071
19,13313,0.12
19,13373,0.132
19,13417,0.049
19,13756,0.078
19,13839,0.332
19,13891,0.02
19,13907,0.157
19,14068,0.12
19,14175,0.015
19,14194,0.525
19,14219,0.015
19,14543,0.166
19,14558,0.742
19,14812,0.236
19,14831,0.099
19,14861,0.11
19,15007,0.277
19,15017,0.047
19,15142,0.415
19,15182,0.026
19,15185,0.178
19,15189,0.185
19,15334,0.348
19,15511,0.122
19,15526,0.903
19,15636,0.766
19,15647,0.468
19,15725,0.946
19,15749,0.369
19,15785,0.994
19,15826,0.493
19,15837,0.828
19,15847,0.496
19,15853,0.03
19,15870,0.31
19,15917,0.131
19,15934,0.897
19,16003,0.16
19,16031,0.101
19,16289,0.175
19,16343,0.477
20,6,0.036
20,8,0.209
20,19,0.087
20,86,0.103
20,91,0.056
20,315,0.344
20,358,0.023
20,375,0.15
20,378,0.298
20,394,0.142
20,410,0.2
20,424,0.036
20,429,0.01
20,431,0.065
20,450,0.084
20,457,0.508
20,477,0.228
20,482,0.035
20,582,0.111
20,613,0.147
20,623,0.106
20,638,0.027
20,748,0.079
20,800,0.687
20,832,0.015
20,907,0.172
20,931,0.596
20,977,0.046
20,1000,0.15
20,1024,0.418
20,1051,0.275
20,1055,0.614
20,1101,0.202
20,1102,0.194
20,1174,0.099
20,1182,1.0
20,1198,0.118
20,1227,0.233
20,1288,0.051
20,1365,0.024
20,1366,0.951
20,1544,0.036
20,1569,0.171
20,1585,0.024
20,1660,0.215
20,1692,1.0
20,1701,1.0
20,1708,0.031
20,1719,0.753
20,1778,0.907
20,1786,0.014
20,1834,0.316
20,1912,0.117
20,1933,0.052
20,1939,0.015
20,2006,0.104
20,2013,0.042
20,2053,0.014
20,2088,0.056
20,2099,0.105
20,2297,0.086
20,2302,0.115
20,2408,0.947
20,2412,0.042
20,2427,0.458
20,2435,0.52
20,2511,0.199
20,2598,0.109
20,2689,0.322
20,2729,0.155
20,2733,0.48
20,2762,0.173
20,2845,0.029
20,2927,0.662
20,2994,0.054
20,3009,0.047
20,3016,0.091
20,3175,0.143
20,3199,0.073
20,3207,0.05
20,3227,0.077
20,3233,0.994
20,3235,0.056
20,3253,0.054
20,3290,0.156
20,3298,0.245
20,3368,0.177
20,3379,0.147
20,3482,0.92
20,3566,0.408
20,3651,0.214
20,3678,0.466
20,3743,0.726
20,3785,0.204
20,3790,0.153
20,3877,0.343
20,3884,0.026
20,3999,0.057
20,4001,0.168
20,4017,0.236
20,4044,0.237
20,4058,0.533
20,4101,0.378
20,4273,0.015
20,4329,0.103
20,4538,0.36
20,4592,0.027
20,4667,0.044
20,4686,0.527
20,4705,0.176
20,4714,0.25
20,4845,0.367
20,4887,0.042
20,5032,0.014
20,5192,0.195
20,5297,0.076
20,5309,0.115
20,5340,0.353
20,5349,0.952
20,5380,0.391
20,5440,0.09
20,5531,0.032
20,5642,0.081
20,5767,0.277
20,5837,0.078
20,5856,0.093
20,5893,0.464
20,5905,0.057
20,5955,0.09
20,6003,0.347
20,6008,0.316
20,6029,0.067
20,6036,0.215
20,6142,0.312
20,6145,0.089
20,6200,0.015
20,6252,0.053
20,6261,0.042
20,6277,0.152
20,6278,0.446
20,6306,0.908
20,6315,0.018
20,6484,0.365
20,6486,0.734
20,6497,0.06
20,6518,0.366
20,6521,0.042
20,6524,0.205
20,6532,0.022
20,6533,0.224
20,6563,0.368
20,6597,0.811
20,6629,0.176
20,6635,0.161
20,6642,0.145
20,6736,0.032
20,6738,0.622
20,6948,0.036
20,7006,0.036
20,7067,0.06
20,7071,0.027
20,7093,0.032
20,7161,1.0
20,7192,0.074
20,7205,0.105
20,7213,0.292
20,7263,0.038
20,7334,0.166
20,7512,0.01
20,7525,0.103
20,7602,0.125
20,7662,0.426
20,7665,0.228
20,7702,0.014
20,7799,0.107
20,7803,0.784
20,7819,0.037
20,7870,0.323
20,7914,0.044
20,7956,0.031
20,8059,0.051
20,8066,0.01
20,8067,0.241
20,8087,0.806
20,8103,0.391
20,8138,0.022
20,8209,0.323
20,8211,0.016
20,8226,0.05
20,8234,0.039
20,8236,0.412
20,8259,0.018
20,8288,0.056
20,8315,0.017
20,8337,0.122
20,8356,0.448
20,8359,0.394
20,8417,0.039
20,8419,0.248
20,8475,0.084
20,8492,0.083
20,8498,0.277
20,8572,0.033
20,8599,0.027
20,8617,0.122
20,8645,0.035
20,8671,0.187
20,8854,0.348
20,8902,0.205
20,8904,0.039
20,8910,0.379
20,8946,0.911
20,8958,0.347
20,8963,0.018
20,9072,0.528
20,9100,0.111
20,9115,0.33
20,9119,0.015
20,9152,0.012
20,9164,0.59
20,9168,0.103
20,9276,0.064
20,9285,0.145
20,9289,0.011
20,9327,0.029
20,9348,0.027
20,9438,0.079
20,9519,0.015
20,9548,0.223
20,9563,0.127
20,9720,0.258
20,9755,0.085
20,9841,0.055
20,9862,0.015
20,9873,0.071
20,9893,0.396
20,9977,0.035
20,10011,0.179
20,10037,0.015
20,10138,0.046
20,10154,0.066
20,10164,0.108
20,10222,0.019
20,10249,0.207
20,10256,0.182
20,10308,0.027
20,10335,0.152
20,10383,0.55
20,10384,0.95
20,10393,0.038
20,10397,0.063
20,10401,0.012
20,10410,0.086
20,10440,0.227
20,10515,0.608
20,10597,0.391
20,10624,0.196
20,10740,0.158
20,10810,0.134
20,10851,0.072
20,10875,0.035
20,10928,0.321
20,10935,0.596
20,11063,0.18
20,11170,0.832
20,11212,0.195
20,11261,0.44
20,11263,0.384
20,11349,0.128
20,11352,0.098
20,11417,0.129
20,11477,0.302
20,11504,0.092
20,11511,0.212
20,11594,0.144
20,11643,0.056
20,11733,0.169
20,11848,0.057
20,11938,0.08
20,11999,0.032
20,12071,0.986
20,12097,0.023
20,12219,0.063
20,12253,0.122
20,12259,0.067
20,12302,0.039
20,12347,0.1
20,12410,0.31
20,12492,0.169
20,12589,0.106
20,12622,0.173
20,12677,0.011
20,12736,0.386
20,12745,0.201
20,12755,0.051
20,12770,0.099
20,12841,0.213
20,12861,0.142
20,12867,0.333
20,12899,0.086
20,12976,0.379
20,12997,0.098
20,13052,0.072
20,13098,0.266
20,13243,0.012
20,13323,0.457
20,13336,0.287
20,13356,0.117
20,13357,0.254
20,13394,0.14
20,13429,0.228
20,13430,0.116
20,13474,0.019
20,13482,0.148
20,13488,0.103
20,13515,0.678
20,13518,0.061
20,13636,0.117
20,13703,0.256
20,13706,0.753
20,13724,0.027
20,13736,0.05
20,13751,0.17
20,13768,0.029
20,13779,0.229
20,13863,0.176
20,13900,0.117
20,13936,0.145
20,13987,0.117
20,14027,0.094
20,14124,0.196
20,14131,0.082
20,14140,0.127
20,14201,0.665
20,14313,0.034
20,14418,0.027
20,14476,0.369
20,14525,0.896
20,14543,0.011
20,14622,0.018
20,14659,0.182
20,14729,0.296
20,15001,0.024
20,15028,0.03
20,15070,0.044
20,15160,0.081
20,15210,0.432
20,15244,0.062
20,15273,0.272
20,15294,0.024
20,15321,0.524
20,15395,0.057
20,15400,0.067
20,15432,0.306
20,15455,0.071
20,15587,0.594
20,15695,0.733
20,15722,0.967
20,15724,0.162
20,15793,0.05
20,15829,0.02
20,15920,0.422
20,15930,0.015
20,15936,0.328
20,15984,0.031
20,16029,0.144
20,16048,0.689
20,16085,0.368
20,16105,0.335
20,16159,0.578
20,16252,0.116
20,16288,0.135
20,16312,0.024
21,45,0.075
21,56,0.977
21,122,0.015
21,232,0.716
21,259,0.012
21,306,0.092
21,333,0.077
21,372,0.051
21,520,0.022
21,575,0.77
21,594,0.071
21,627,0.08
21,679,0.054
21,694,0.085
21,728,0.396
21,732,0.09
21,832,0.063
21,880,0.042
21,914,0.319
21,931,0.081
21,972,0.036
21,1073,0.176
21,1127,0.628
21,1239,0.492
21,1314,0.16
21,1332,0.393
21,1496,0.015
21,1591,0.046
21,1630,0.037
21,1651,0.015
21,1665,0.306
21,1740,0.039
21,1750,0.132
21,1861,0.039
21,1912,0.751
21,2003,0.038
21,2104,0.024
21,2106,0.015
21,2160,0.107
21,2168,0.349
21,2396,0.037
21,2418,0.036
21,2419,0.089
21,2555,0.082
21,2586,0.131
21,2595,0.098
21,2637,0.031
21,2692,0.041
21,2714,0.152
21,2743,0.083
21,2855,0.278
21,2865,0.365
21,2916,0.488
21,2919,0.15
21,2933,0.069
21,2979,0.034
21,3031,0.252
21,3119,0.099
21,3173,0.492
21,3178,0.031
21,3228,0.035
21,3257,0.018
21,3265,0.036
21,3288,0.3
21,3385,0.031
21,3409,0.056
21,3514,0.053
21,3555,0.304
21,3562,1.0
21,3563,0.12
21,3593,0.408
21,3667,0.035
21,3693,0.03
21,3700,0.321
21,3745,0.918
21,3747,0.05
21,3776,0.038
21,3787,0.059
21,3844,0.036
21,3847,0.044
21,3875,0.997
21,4097,0.024
21,4235,0.433
21,4260,0.388
21,4273,0.153
21,4319,0.85
21,4354,0.047
21,4370,0.02
21,4501,0.441
21,4535,0.048
21,4574,0.032
21,4601,0.565
21,4622,0.17
21,4663,0.108
21,4668,0.053
21,4702,0.98
21,4795,0.072
21,4842,0.103
21,4877,0.048
21,4891,0.023
21,4898,0.091
21,5047,0.021
21,5066,0.021
21,5070,0.102
21,5147,0.019
21,5149,0.108
21,5224,0.086
21,5282,0.058
21,5312,0.026
21,5425,0.067
21,5426,0.267
21,5475,0.879
21,5486,0.026
21,5499,0.598
21,5530,0.021
21,5564,0.34
21,5576,0.255
21,5645,0.086
21,5671,0.034
21,5689,0.097
21,5715,0.024
21,5722,0.263
21,5764,0.012
21,5781,0.017
21,5858,1.0
21,5889,0.037
21,5924,0.95
21,5959,0.269
21,6134,0.018
21,6223,0.082
21,6266,0.404
21,6282,0.159
21,6316,0.078
21,6317,0.012
21,6326,0.262
21,6362,0.08
21,6458,0.11
21,6463,0.039
21,6473,0.042
21,6498,0.365
21,6531,0.042
21,6541,0.068
21,6553,0.027
21,6563,0.018
21,6581,0.029
21,6646,0.024
21,6690,0.036
21,6701,0.388
21,6742,0.235
21,6795,0.028
21,6832,0.05
21,6850,0.012
21,6945,0.249
21,7034,0.115
21,7035,0.093
21,7055,0.067
21,7133,0.089
21,7135,0.045
21,7189,0.121
21,7206,0.019
21,7253,0.177
21,7334,0.092
21,7369,0.032
21,7379,0.034
21,7381,0.052
21,7441,0.703
21,7451,0.021
21,7468,0.219
21,7501,0.015
21,7514,0.154
21,7534,0.561
21,7548,0.034
21,7640,0.021
21,7763,0.106
21,7827,0.043
21,7828,0.046
21,7859,0.089
21,7863,0.074
21,7981,0.054
21,8014,0.309
21,8020,0.776
21,8021,0.417
21,8062,0.082
21,8113,0.033
21,8121,0.011
21,8125,0.14
21,8242,0.015
21,8250,0.011
21,8277,0.203
21,8330,0.372
21,8339,0.207
21,8402,0.078
21,8433,0.144
21,8445,0.345
21,8457,0.129
21,8483,0.048
21,8495,0.065
21,8574,0.673
21,8635,0.041
21,8671,0.102
21,8755,0.061
21,8773,0.174
21,8799,0.539
21,8807,0.126
21,8812,0.051
21,8846,0.201
21,8908,0.197
21,8998,0.136
21,9069,0.038
21,9073,0.306
21,9103,0.752
21,9152,0.012
21,9178,0.241
21,9221,0.015
21,9344,0.038
21,9355,0.395
21,9373,0.032
21,9387,0.243
21,9408,0.015
21,9452,0.166
21,9467,0.06
21,9558,0.074
21,9576,0.366
21,9578,0.21
21,9665,0.015
21,9722,0.17
21,9905,0.035
21,9959,0.381
21,9998,0.317
21,10008,0.023
21,10034,0.073
21,10038,0.266
21,10067,0.085
21,10083,0.08
21,10091,0.027
21,10170,0.127
21,10192,0.316
21,10272,0.035
21,10385,0.024
21,10396,0.153
21,10443,0.019
21,10542,0.034
21,10590,0.417
21,10629,0.044
21,10662,0.043
21,10671,0.119
21,10706,0.174
21,10770,0.304
21,10790,0.081
21,10793,0.064
21,10798,0.101
21,10804,0.047
21,10820,0.074
21,10872,0.255
21,10914,0.021
21,10994,0.032
21,10998,0.024
21,11006,0.012
21,11310,0.041
21,11351,0.046
21,11516,0.038
21,11548,0.117
21,11558,0.095
21,11635,0.042
21,11641,0.626
21,11697,0.018
21,11726,0.21
21,11748,0.122
21,11775,0.071
21,11806,0.03
21,11813,0.351
21,11822,0.012
21,11828,0.075
21,11904,0.063
21,11945,0.021
21,11972,0.42
21,11998,0.015
21,12020,0.418
21,12081,0.081
21,12098,0.019
21,12150,0.016
21,12160,0.033
21,12197,0.451
21,12295,0.292
21,12311,0.031
21,12344,0.12
21,12357,0.074
21,12406,0.057
21,12476,0.063
21,12491,0.479
21,12555,0.122
21,12587,0.492
21,12632,0.033
21,12789,0.031
21,12808,0.088
21,12809,0.038
21,12833,1.0
21,12851,0.11
21,12865,0.217
21,12884,0.077
21,12905,0.089
21,12910,0.226
21,12960,0.02
21,13015,0.029
21,13046,0.459
21,13148,0.016
21,13162,0.285
21,13299,0.063
21,13304,0.035
21,13378,0.165
21,13398,0.083
21,13552,0.195
21,13558,0.068
21,13615,0.033
21,13624,0.034
21,13633,0.247
21,13662,0.012
21,13673,0.241
21,13721,0.057
21,13725,0.127
21,13736,0.942
21,13793,0.053
21,13807,0.423
21,13809,0.098
21,13818,0.013
21,13868,0.276
21,13871,0.085
21,13881,0.967
21,13909,0.274
21,13921,0.01
21,13952,0.132
21,13962,0.292
21,14032,0.031
21,14033,0.426
21,14034,0.083
21,14093,0.023
21,14127,0.826
21,14236,0.18
21,14246,0.015
21,14255,0.191
21,14291,0.353
21,14294,0.015
21,14345,0.015
21,14366,0.122
21,14399,0.03
21,14408,0.032
21,14422,0.033
21,14496,0.015
21,14568,0.204
21,14581,0.064
21,14587,0.05
21,14620,0.069
21,14680,0.02
21,14689,0.127
21,14709,0.078
21,14720,0.21
21,14724,0.084
21,14743,0.032
21,14798,0.416
21,14835,0.058
21,14870,0.976
21,14879,0.124
21,14927,0.027
21,14961,0.115
21,15071,0.135
21,15175,0.018
21,15225,0.122
21,15258,0.322
21,15289,0.045
21,15321,0.112
21,15384,0.055
21,15451,0.275
21,15458,0.089
21,15545,0.054
21,15566,0.15
21,15624,0.012
21,15636,1.0
21,15644,0.273
21,15656,0.035
21,15715,0.03
21,15791,0.154
21,15809,0.024
21,15942,0.508
21,16309,0.014
21,16356,0.168
22,14,0.18
22,17,0.127
22,45,0.015
22,146,0.182
22,177,0.083
22,223,0.014
22,229,0.074
22,388,0.036
22,460,0.896
22,466,0.053
22,487,0.023
22,527,0.045
22,568,0.039
22,582,0.093
22,680,0.035
22,722,0.082
22,742,0.404
22,902,0.339
22,905,0.03
22,915,0.196
22,964,0.014
22,979,1.0
22,1026,0.095
22,1126,0.095
22,1145,0.319
22,1195,0.074
22,1214,0.023
22,1249,0.02
22,1317,0.12
22,1324,0.218
22,1344,0.045
22,1346,0.468
22,1506,0.015
22,1507,0.015
22,1533,0.31
22,1632,0.019
22,1645,0.142
22,1651,0.032
22,1705,0.033
22,1794,0.77
22,1894,0.012
22,1898,0.014
22,1934,0.206
22,1972,0.207
22,2010,0.059
22,2040,0.385
22,2080,0.055
22,2112,0.09
22,2130,0.019
22,2133,0.024
22,2157,0.041
22,2241,0.197
22,2296,0.046
22,2372,0.114
22,2440,0.086
22,2449,0.032
22,2482,0.428
22,2486,0.012
22,2519,0.013
22,2534,0.243
22,2557,0.391
22,2568,0.12
22,2615,0.127
22,2616,0.183
22,2714,0.023
22,2736,0.208
22,2759,0.059
22,2768,0.16
22,2799,0.163
22,2968,0.022
22,3067,0.016
22,3124,0.632
22,3160,0.062
22,3171,0.33
22,3189,0.632
22,3211,0.176
22,3259,0.146
22,3301,0.041
22,3305,0.036
22,3416,0.087
22,3430,0.046
22,3486,0.084
22,3496,0.96
22,3543,0.045
22,3560,0.018
22,3648,0.01
22,3714,0.07
22,3734,0.323
22,3826,0.04
22,3828,0.04
22,3840,0.724
22,3941,0.027
22,3980,0.128
22,4035,0.038
22,4056,0.03
22,4186,0.051
22,4253,0.018
22,4284,0.039
22,4330,0.143
22,4334,0.072
22,4356,0.023
22,4393,0.153
22,4412,0.174
22,4474,0.575
22,4481,0.224
22,4550,0.042
22,4552,0.035
22,4605,0.132
22,4611,0.08
22,4631,0.058
22,4665,0.09
22,4668,0.124
22,4714,0.052
22,4736,0.036
22,4798,0.015
22,4850,0.02
22,4856,0.037
22,4867,0.287
22,4869,0.014
22,4917,0.122
22,4925,0.04
22,4969,0.018
22,5063,0.506
22,5073,0.099
22,5093,0.06
22,5103,0.071
22,5170,0.02
22,5182,0.053
22,5225,0.186
22,5271,0.195
22,5275,0.914
22,5331,0.017
22,5396,0.038
22,5397,0.114
22,5447,0.048
22,5454,0.044
22,5494,0.212
22,5500,0.084
22,5504,0.456
22,5539,0.136
22,5551,0.391
22,5596,0.062
22,5651,0.216
22,5733,0.077
22,5739,0.036
22,5769,0.042
22,5780,0.332
22,5823,0.034
22,5843,0.056
22,5894,0.275
22,5916,0.186
22,6001,0.393
22,6004,0.277
22,6139,0.037
22,6191,0.126
22,6208,0.677
22,6245,0.063
22,6246,0.143
22,6275,0.799
22,6343,0.027
22,6392,0.019
22,6396,0.035
22,6399,0.048
22,6402,0.076
22,6419,0.668
22,6437,0.091
22,6473,0.229
22,6476,0.041
22,6506,0.023
22,6523,0.179
22,6606,0.056
22,6608,0.089
22,6614,0.358
22,6617,0.039
22,6622,0.048
22,6654,0.073
22,6686,0.256
22,6696,0.032
22,6732,0.059
22,6740,0.026
22,6765,0.409
22,6828,0.048
22,6862,0.014
22,6891,0.026
22,6990,0.216
22,6991,0.071
22,6994,0.047
22,7013,0.352
22,7127,0.025
22,7179,0.148
22,7214,0.111
22,7235,0.069
22,7290,0.071
22,7310,0.818
22,7311,0.225
22,7391,0.026
22,7401,0.207
22,7430,0.862
22,7460,0.112
22,7472,0.084
22,7475,0.024
22,7553,0.383
22,7583,0.073
22,7669,0.219
22,7685,0.029
22,7702,0.053
22,7708,0.042
22,7849,0.091
22,7856,0.067
22,7861,0.014
22,7872,0.136
22,7888,0.032
22,7969,0.28
22,8007,0.335
22,8062,0.23
22,8063,0.084
22,8092,0.05
22,8107,0.023
22,8118,0.098
22,8163,0.687
22,8251,0.02
22,8285,0.024
22,8286,0.021
22,8318,0.032
22,8352,0.015
22,8367,0.492
22,8402,0.501
22,8573,0.391
22,8576,0.02
22,8613,0.149
22,8629,0.072
22,8732,0.095
22,8739,0.015
22,8758,0.013
22,8827,0.099
22,8880,0.022
22,8903,0.097
22,8907,0.086
22,8919,0.43
22,9011,0.012
22,9033,0.144
22,9082,0.043
22,9094,0.061
22,9133,0.035
22,9159,0.064
22,9165,0.012
22,9213,0.015
22,9216,0.036
22,9302,0.09
22,9330,0.533
22,9373,0.074
22,9465,0.042
22,9475,0.509
22,9526,0.951
22,9591,0.247
22,9610,0.17
22,9613,0.064
22,9651,0.218
22,9682,0.066
22,9707,0.018
22,9753,0.091
22,9766,0.156
22,9793,0.402
22,9814,0.079
22,9829,0.031
22,9859,0.038
22,9967,0.107
22,9977,0.027
22,10003,0.039
22,10026,0.221
22,10044,0.015
22,10069,0.075
22,10084,0.02
22,10178,0.015
22,10239,0.109
22,10260,0.042
22,10306,0.986
22,10357,0.045
22,10391,0.048
22,10428,0.092
22,10435,0.027
22,10449,0.315
22,10450,0.236
22,10463,0.129
22,10610,0.052
22,10622,0.358
22,10642,0.285
22,10652,0.389
22,10660,0.075
22,10678,0.028
22,10809,0.424
22,10824,0.015
22,10834,0.133
22,10903,0.339
22,10989,0.03
22,11015,0.205
22,11079,0.063
22,11129,0.042
22,11201,0.012
22,11220,0.173
22,11224,0.22
22,11226,0.038
22,11276,0.34
22,11374,0.119
22,11414,0.187
22,11415,0.015
22,11430,0.575
22,11548,0.066
22,11557,1.0
22,11563,0.161
22,11617,0.038
22,11653,0.088
22,11689,0.019
22,11691,0.031
22,11715,0.012
22,11863,0.037
22,11869,0.01
22,11886,0.056
22,11907,0.087
22,11913,0.285
22,11920,0.081
22,11931,0.114
22,11975,0.201
22,12025,0.054
22,12038,0.063
22,12087,0.054
22,12199,0.086
22,12313,0.016
22,12347,0.348
22,12369,0.073
22,12389,0.201
22,12403,0.717
22,12441,0.255
22,12524,0.044
22,12679,0.018
22,12742,0.048
22,12747,0.018
22,12778,0.406
22,12805,0.035
22,12837,0.056
22,12844,0.057
22,12859,0.034
22,12948,0.018
22,12957,0.075
22,13011,0.225
22,13088,0.355
22,13176,0.349
22,13183,0.064
22,13220,0.027
22,13298,0.157
22,13313,0.021
22,13337,0.107
22,13340,0.182
22,13371,0.083
22,13494,0.037
22,13507,0.125
22,13511,0.43
22,13524,0.045
22,13526,0.175
22,13542,0.083
22,13546,0.04
22,13568,0.912
22,13569,0.012
22,13669,0.095
22,13673,0.075
22,13716,0.319
22,13731,0.336
22,13735,0.029
22,13758,0.077
22,13875,0.249
22,13885,0.293
22,13888,0.013
22,13923,0.133
22,13946,0.017
22,13964,0.031
22,13993,0.064
22,14016,0.088
22,14019,0.085
22,14036,0.012
22,14044,0.185
22,14055,0.024
22,14102,0.601
22,14121,0.012
22,14132,0.021
22,14239,0.045
22,14257,0.045
22,14271,0.12
22,14277,0.089
22,14293,0.086
22,14321,0.017
22,14359,0.041
22,14380,0.355
22,14412,0.664
22,14422,0.228
22,14500,0.011
22,14524,0.045
22,14551,0.013
22,14622,0.397
22,14626,0.042
22,14646,0.096
22,14697,0.046
22,14737,0.063
22,14740,0.021
22,14744,0.287
22,14765,0.174
22,14769,0.05
22,14847,0.015
22,14859,0.01
22,14936,0.478
22,14971,0.045
22,14989,0.655
22,15003,0.135
22,15029,0.035
22,15052,0.156
22,15056,0.91
22,15075,0.117
22,15078,0.019
22,15113,0.064
22,15195,0.135
22,15212,0.139
22,15245,0.188
22,15283,0.047
22,15305,0.204
22,15374,0.012
22,15386,0.416
22,15394,0.402
22,15404,0.046
22,15443,0.016
22,15452,0.021
22,15491,0.266
22,15579,0.246
22,15606,0.034
22,15714,0.029
22,15794,0.019
22,15803,0.035
22,15856,0.053
22,15878,0.083
22,15883,0.058
22,15930,0.087
22,15931,0.276
22,16020,0.01
22,16037,0.03
22,16066,0.031
22,16077,0.066
22,16101,0.019
22,16102,0.057
22,16261,0.112
22,16282,0.176
22,16298,0.03
22,16308,0.202
22,16317,0.233
23,124,0.035
23,198,0.058
23,209,0.298
23,260,0.023
23,309,0.078
23,318,0.069
23,365,0.362
23,372,0.123
23,422,0.113
23,438,0.05
23,441,0.02
23,456,0.025
23,516,0.172
23,680,0.051
23,802,0.015
23,901,0.157
23,1002,0.122
23,1150,0.74
23,1184,0.078
23,1193,0.931
23,1212,0.088
23,1329,0.178
23,1367,0.024
23,1386,0.17
23,1408,0.114
23,1434,0.063
23,1508,0.014
23,1624,0.159
23,1643,0.158
23,1735,0.036
23,1816,0.027
23,1929,0.056
23,2252,0.038
23,2260,0.015
23,2356,0.48
23,2370,0.15
23,2377,0.103
23,2431,0.19
23,2468,0.046
23,2486,0.029
23,2493,0.172
23,2541,0.426
23,2556,0.309
23,2602,0.384
23,2628,0.076
23,2662,0.153
23,2664,0.221
23,2699,0.01
23,2724,0.027
23,2757,0.115
23,2769,0.109
23,2811,0.337
23,2825,0.036
23,2879,0.333
23,2919,0.641
23,2947,0.075
23,2986,0.428
23,3100,0.117
23,3185,0.015
23,3202,0.118
23,3240,0.106
23,3263,0.041
23,3645,0.333
23,3674,0.099
23,3719,0.012
23,3726,0.161
23,3760,0.096
23,3849,0.363
23,3898,0.054
23,3935,0.095
23,4062,0.094
23,4219,0.02
23,4277,0.485
23,4333,0.025
23,4350,0.011
23,4367,0.033
23,4427,0.072
23,4505,0.021
23,4515,0.083
23,4531,0.02
23,4552,0.041
23,4706,0.025
23,4754,0.073
23,4932,0.065
23,4957,0.549
23,5023,0.139
23,5045,0.036
23,5076,0.663
23,5125,0.119
23,5206,0.012
23,5241,0.198
23,5300,0.03
23,5311,0.05
23,5313,0.31
23,5349,0.249
23,5458,0.366
23,5504,0.088
23,5639,0.069
23,5668,0.096
23,5681,0.326
23,5697,0.406
23,5735,0.046
23,5842,0.049
23,5852,0.088
23,5889,0.14
23,6105,0.2
23,6200,0.119
23,6244,0.141
23,6246,0.375
23,6512,0.104
23,6556,0.39
23,6567,0.015
23,6593,0.07
23,6604,0.06
23,6684,0.116
23,6763,0.073
23,6847,0.379
23,7079,0.047
23,7123,0.099
23,7128,0.03
23,7180,0.356
23,7217,0.398
23,7247,0.099
23,7354,0.022
23,7361,0.068
23,7372,0.907
23,7381,0.07
23,7391,0.087
23,7396,0.164
23,7531,0.095
23,7626,0.139
23,7645,0.585
23,7703,0.01
23,7781,0.018
23,7875,0.02
23,7951,0.731
23,7999,0.978
23,8003,0.35
23,8084,0.019
23,8157,0.202
23,8227,0.491
23,8260,0.03
23,8341,0.205
23,8392,0.461
23,8398,0.036
23,8408,0.067
23,8426,0.817
23,8454,0.213
23,8595,0.055
23,8607,0.445
23,8744,0.254
23,8791,0.057
23,8830,0.498
23,8895,0.089
23,8897,0.012
23,8935,0.012
23,8943,0.051
23,8981,0.027
23,9029,0.028
23,9160,0.023
23,9176,0.053
23,9251,0.205
23,9351,0.973
23,9593,0.076
23,9622,0.99
23,9627,0.055
23,9637,0.036
23,9706,0.26
23,9723,0.064
23,9728,0.013
23,9771,0.076
23,9776,0.055
23,9828,0.053
23,9839,0.016
23,9856,0.357
23,9857,0.49
23,9884,0.148
23,9915,0.033
23,9936,0.512
23,9956,0.23
23,10038,0.056
23,10304,0.015
23,10408,0.045
23,10437,0.064
23,10494,0.129
23,10634,0.033
23,10692,0.201
23,10772,0.179
23,10802,0.652
23,10986,0.199
23,10994,0.956
23,11034,0.05
23,11061,0.308
23,11096,0.062
23,11146,0.083
23,11211,0.13
23,11247,0.05
23,11263,0.043
23,11275,0.163
23,11397,0.031
23,11426,0.034
23,11490,0.053
23,11501,0.993
23,11528,0.037
23,11578,0.181
23,11681,0.215
23,11702,0.91
23,11704,0.33
23,11719,0.038
23,11739,0.508
23,11944,0.074
23,12021,0.147
23,12034,0.03
23,12073,0.017
23,12126,0.023
23,12127,0.022
23,12131,0.044
23,12247,0.229
23,12373,0.03
23,12418,0.024
23,12468,0.148
23,12509,0.024
23,12513,0.353
23,12514,0.018
23,12539,0.021
23,12580,0.021
23,12669,0.067
23,12753,0.024
23,12775,0.037
23,12779,0.628
23,12895,0.036
23,12954,0.432
23,12998,0.062
23,13045,0.053
23,13106,0.525
23,13114,0.024
23,13143,0.033
23,13294,0.044
23,13303,0.05
23,13304,0.087
23,13495,0.089
23,13549,0.122
23,13653,0.269
23,13749,0.104
23,13759,0.046
23,13802,0.946
23,13848,0.123
23,13884,0.056
23,13910,0.156
23,13926,0.216
23,13958,0.023
23,13977,0.036
23,14067,0.015
23,14128,0.244
23,14187,0.29
23,14209,0.014
23,14250,0.201
23,14254,0.203
23,14394,0.082
23,14473,0.252
23,14531,0.023
23,14544,0.195
23,14563,0.015
23,14578,0.19
23,14584,0.316
23,14595,0.206
23,14613,0.997
23,14620,0.036
23,14757,0.364
23,14888,0.062
23,15147,0.049
23,15163,0.058
23,15278,0.351
23,15303,0.032
23,15325,0.022
23,15326,0.034
23,15369,0.3
23,15415,0.103
23,15550,0.412
23,15588,0.056
23,15590,0.081
23,15592,0.202
23,15738,0.094
23,15791,0.404
23,15891,0.011
23,15914,0.413
23,15926,0.021
23,15942,0.182
23,15961,0.916
23,16000,0.021
23,16027,0.398
23,16069,0.048
23,16144,0.056
23,16274,0.374
23,16353,0.185
23,16364,0.018
24,91,0.015
24,107,0.018
24,159,0.056
24,160,0.089
24,177,0.057
24,211,0.423
24,215,0.014
24,304,0.012
24,305,0.015
24,319,0.013
24,327,0.029
24,400,0.019
24,409,0.024
24,411,0.47
24,444,0.048
24,485,0.129
24,487,0.031
24,534,0.077
24,562,0.035
24,593,0.035
24,600,0.117
24,606,0.039
24,612,0.029
24,640,0.06
24,654,0.024
24,718,0.13
24,727,0.111
24,728,0.03
24,770,0.14
24,846,0.774
24,849,0.015
24,850,0.419
24,853,0.067
24,884,0.139
24,890,0.024
24,906,0.032
24,919,0.021
24,1001,0.029
24,1046,0.028
24,1059,0.042
24,1090,0.012
24,1092,0.08
24,1093,0.09
24,1109,0.036
24,1155,0.502
24,1176,0.1
24,1181,0.019
24,1205,0.083
24,1207,0.024
24,1229,0.015
24,1272,0.037
24,1274,0.036
24,1356,0.038
24,1359,0.042
24,1362,0.06
24,1366,0.107
24,1380,0.066
24,1394,0.035
24,1402,0.014
24,1421,0.016
24,1429,0.022
24,1431,0.157
24,1467,0.11
24,1486,0.208
24,1525,0.023
24,1552,0.266
24,1582,0.07
24,1606,0.074
24,1627,0.01
24,1636,0.038
24,1653,0.163
24,1676,0.028
24,1680,0.106
24,1681,0.018
24,1682,0.045
24,1683,0.035
24,1686,0.344
24,1724,0.08
24,1725,0.148
24,1726,0.051
24,1730,0.03
24,1739,0.056
24,1744,0.095
24,1772,0.052
24,1791,0.15
24,1848,0.103
24,1849,0.077
24,1912,0.016
24,1938,0.012
24,1952,0.091
24,1978,0.076
24,1999,0.014
24,2010,0.061
24,2012,0.024
24,2022,0.017
24,2052,0.052
24,2068,0.084
24,2086,0.036
24,2088,0.092
24,2089,0.015
24,2097,0.293
24,2099,0.112
24,2130,0.094
24,2158,0.267
24,2175,0.142
24,2177,0.021
24,2221,0.291
24,2232,0.038
24,2252,0.097
24,2302,0.033
24,2306,0.185
24,2343,0.017
24,2364,0.134
24,2420,0.086
24,2427,0.98
24,2453,0.729
24,2483,0.064
24,2499,0.039
24,2524,0.065
24,2537,0.014
24,2539,0.298
24,2580,0.015
24,2584,0.509
24,2585,0.078
24,2601,0.019
24,2605,0.328
24,2625,0.015
24,2632,0.035
24,2684,0.03
24,2703,0.035
24,2710,0.01
24,2723,0.21
24,2729,0.135
24,2736,0.014
24,2739,0.173
24,2742,0.041
24,2783,0.021
24,2785,0.278
24,2795,0.032
24,2807,0.124
24,2814,0.036
24,2820,0.591
24,2837,0.157
24,2847,0.02
24,2890,0.049
24,2940,0.015
24,2948,0.059
24,2963,0.024
24,2964,0.199
24,2978,0.036
24,2984,0.307
24,3053,0.234
24,3057,0.177
24,3112,0.03
24,3125,0.033
24,3153,0.348
24,3158,0.056
24,3164,0.045
24,3181,0.05
24,3182,0.029
24,3187,0.029
24,3188,0.184
24,3200,0.032
24,3253,0.114
24,3279,0.018
24,3314,0.015
24,3316,0.144
24,3321,0.048
24,3328,0.025
24,3337,0.011
24,3350,0.074
24,3360,0.02
24,3386,0.015
24,3391,0.026
24,3415,0.08
24,3440,0.027
24,3452,0.048
24,3513,0.012
24,3518,0.023
24,3519,0.131
24,3528,0.111
24,3550,0.051
24,3552,0.697
24,3555,0.047
24,3561,0.023
24,3596,0.065
24,3613,0.113
24,3618,0.02
24,3622,0.025
24,3687,0.015
24,3707,0.011
24,3708,0.076
24,3711,0.083
24,3715,0.039
24,3720,0.012
24,3761,0.012
24,3779,0.045
24,3787,0.05
24,3809,0.326
24,3827,0.021
24,3864,0.019
24,3873,0.035
24,3900,0.031
24,3940,0.028
24,3960,0.087
24,3976,0.018
24,3982,0.166
24,4028,0.078
24,4030,0.027
24,4042,0.086
24,4098,0.045
24,4107,0.199
24,4130,0.017
24,4155,0.622
24,4159,0.02
24,4163,0.189
24,4213,0.028
24,4220,0.069
24,4227,0.137
24,4231,0.072
24,4260,0.226
24,4286,0.023
24,4317,0.107
24,4338,0.068
24,4341,0.02
24,4358,0.086
24,4390,0.048
24,4414,0.039
24,4418,0.08
24,4448,0.076
24,4483,0.023
24,4486,0.022
24,4493,0.015
24,4502,0.023
24,4507,0.63
24,4518,0.06
24,4535,0.305
24,4545,0.015
24,4604,0.095
24,4624,0.041
24,4636,0.016
24,4648,0.128
24,4682,0.101
24,4717,0.051
24,4727,0.044
24,4728,0.073
24,4764,0.195
24,4766,0.032
24,4774,0.034
24,4791,0.017
24,4808,0.037
24,4866,0.032
24,4870,0.043
24,4876,0.145
24,4900,0.088
24,4918,0.058
24,4927,0.072
24,4938,0.02
24,4957,0.093
24,4958,0.015
24,4989,0.043
24,5027,0.021
24,5036,0.046
24,5051,0.037
24,5058,0.017
24,5062,0.019
24,5077,0.274
24,5094,0.105
24,5104,0.034
24,5109,0.139
24,5117,0.129
24,5133,0.027
24,5139,0.558
24,5158,0.015
24,5187,0.217
24,5193,0.362
24,5196,0.291
24,5202,0.195
24,5206,0.023
24,5209,0.246
24,5222,0.155
24,5243,0.125
24,5280,0.163
24,5296,0.025
24,5322,0.041
24,5324,0.393
24,5338,0.168
24,5339,0.027
24,5343,0.049
24,5348,0.215
24,5374,0.263
24,5390,0.072
24,5394,0.062
24,5402,0.063
24,5403,0.117
24,5408,0.067
24,5421,0.342
24,5425,0.034
24,5427,0.023
24,5442,0.162
24,5455,0.03
24,5472,0.372
24,5481,0.038
24,5482,0.025
24,5488,0.019
24,5514,0.02
24,5528,0.222
24,5557,0.018
24,5578,0.102
24,5584,0.027
24,5586,0.079
24,5635,0.02
24,5692,0.033
24,5706,0.016
24,5717,0.042
24,5726,0.207
24,5737,0.019
24,5754,0.576
24,5765,0.049
24,5803,0.038
24,5845,0.136
24,5856,0.034
24,5901,0.055
24,5903,0.036
24,5929,0.011
24,5936,0.03
24,5949,0.334
24,5956,0.012
24,5961,0.014
24,5963,0.02
24,5973,0.052
24,6009,0.131
24,6014,0.013
24,6026,0.061
24,6039,0.08
24,6052,0.054
24,6095,0.104
24,6109,0.219
24,6112,0.013
24,6142,0.155
24,6143,0.314
24,6146,0.041
24,6205,0.17
24,6233,0.043
24,6235,0.326
24,6250,0.081
24,6268,0.058
24,6300,0.086
24,6309,0.068
24,6323,0.728
24,6354,0.101
24,6355,0.034
24,6372,0.035
24,6378,0.131
24,6404,0.042
24,6408,0.972
24,6415,0.614
24,6467,0.128
24,6484,0.015
24,6489,0.12
24,6497,0.035
24,6571,0.03
24,6584,0.074
24,6605,0.044
24,6622,0.129
24,6634,0.01
24,6641,0.071
24,6645,0.162
24,6647,0.036
24,6658,0.024
24,6660,0.018
24,6689,0.023
24,6690,0.073
24,6701,0.065
24,6740,0.019
24,6772,0.072
24,6785,0.031
24,6822,0.019
24,6836,0.083
24,6853,0.026
24,6912,0.122
24,6926,0.046
24,6953,0.066
24,6955,0.031
24,6983,0.014
24,6993,0.047
24,7002,0.02
24,7014,0.312
24,7028,0.01
24,7030,0.31
24,7081,0.334
24,7109,0.067
24,7118,0.032
24,7163,0.176
24,7222,0.465
24,7233,0.138
24,7241,0.089
24,7247,0.112
24,7263,0.022
24,7275,0.03
24,7280,0.157
24,7293,0.064
24,7330,0.023
24,7337,0.875
24,7358,0.29
24,7386,0.367
24,7398,0.086
24,7403,0.041
24,7413,0.03
24,7426,0.036
24,7431,0.078
24,7512,0.046
24,7514,0.115
24,7558,0.05
24,7572,0.19
24,7578,0.255
24,7594,0.119
24,7598,0.106
24,7608,0.069
24,7612,0.024
24,7646,0.037
24,7649,0.05
24,7658,0.162
24,7693,0.012
24,7695,0.031
24,7701,0.013
24,7710,0.25
24,7717,0.021
24,7722,0.195
24,7740,0.01
24,7756,0.01
24,7776,0.122
24,7830,0.18
24,7833,0.03
24,7865,0.021
24,7880,0.039
24,7885,0.166
24,7917,0.146
24,7931,0.083
24,7939,0.043
24,7949,0.097
24,7973,0.082
24,7979,0.02
24,7993,0.082
24,8000,0.023
24,8041,0.039
24,8061,0.035
24,8093,0.156
24,8104,0.021
24,8112,0.027
24,8127,0.015
24,8130,0.072
24,8131,0.016
24,8157,0.105
24,8158,0.015
24,8162,0.037
24,8177,0.015
24,8188,0.041
24,8198,0.012
24,8211,0.419
24,8228,0.032
24,8267,0.025
24,8275,0.035
24,8298,0.197
24,8315,0.048
24,8325,0.012
24,8346,0.098
24,8367,0.025
24,8368,0.038
24,8386,0.035
24,8412,0.058
24,8427,0.015
24,8437,0.015
24,8445,0.118
24,8447,0.108
24,8458,0.245
24,8476,0.064
24,8502,0.134
24,8572,0.06
24,8578,0.018
24,8589,0.193
24,8613,0.12
24,8618,0.113
24,8665,0.011
24,8666,0.096
24,8680,0.024
24,8715,0.037
24,8732,0.369
24,8735,0.068
24,8822,0.085
24,8835,0.804
24,8874,0.186
24,8900,0.439
24,8901,0.132
24,8953,0.025
24,8959,0.148
24,8997,0.075
24,9005,0.102
24,9015,0.031
24,9032,0.196
24,9048,0.052
24,9053,0.031
24,9054,0.106
24,9065,0.034
24,9089,0.042
24,9130,0.014
24,9141,0.014
24,9155,0.048
24,9164,0.205
24,9166,0.062
24,9175,0.069
24,9178,0.057
24,9184,0.06
24,9185,0.037
24,9191,0.02
24,9206,0.064
24,9214,0.023
24,9215,0.072
24,9279,0.18
24,9280,0.011
24,9287,0.121
24,9289,0.069
24,9327,0.024
24,9334,0.052
24,9350,0.054
24,9356,0.079
24,9382,0.113
24,9383,0.072
24,9415,0.061
24,9416,0.046
24,9420,0.045
24,9438,0.102
24,9473,0.074
24,9474,0.02
24,9516,0.044
24,9518,0.19
24,9525,0.176
24,9579,0.052
24,9601,0.13
24,9605,0.018
24,9616,0.166
24,9627,0.08
24,9628,0.186
24,9635,0.013
24,9647,0.082
24,9704,0.328
24,9727,0.808
24,9747,0.425
24,9762,0.058
24,9781,0.015
24,9783,0.015
24,9795,0.041
24,9829,0.307
24,9833,0.015
24,9843,0.032
24,9869,0.051
24,9870,0.021
24,9889,0.027
24,9897,0.273
24,9907,0.223
24,9948,0.13
24,9982,0.076
24,9999,0.083
24,10012,0.168
24,10022,0.028
24,10029,0.161
24,10034,0.015
24,10043,0.048
24,10078,0.107
24,10118,0.52
24,10124,0.055
24,10130,0.056
24,10131,0.015
24,10139,0.164
24,10141,0.01
24,10168,0.185
24,10189,0.028
24,10191,0.248
24,10198,0.021
24,10220,0.038
24,10235,0.078
24,10265,0.295
24,10275,0.169
24,10353,0.074
24,10360,0.067
24,10384,0.173
24,10390,0.027
24,10424,0.025
24,10431,0.172
24,10445,0.065
24,10452,0.073
24,10460,0.224
24,10462,0.546
24,10490,0.021
24,10491,0.013
24,10515,0.012
24,10538,0.027
24,10542,0.096
24,10544,0.018
24,10554,0.117
24,10575,0.053
24,10600,0.015
24,10639,0.018
24,10657,0.059
24,10674,0.695
24,10685,0.907
24,10686,0.016
24,10711,0.026
24,10727,0.064
24,10752,0.153
24,10790,0.198
24,10795,0.08
24,10819,0.128
24,10850,0.056
24,10871,0.076
24,10876,0.023
24,10893,0.321
24,10903,0.034
24,10913,0.042
24,10926,0.085
24,10960,0.073
24,10966,0.112
24,10985,0.045
24,11023,0.03
24,11030,0.115
24,11039,0.085
24,11097,0.061
24,11113,0.045
24,11126,0.088
24,11134,0.094
24,11136,0.155
24,11202,0.024
24,11222,0.062
24,11238,0.129
24,11245,0.089
24,11273,0.014
24,11297,0.097
24,11309,0.021
24,11315,0.118
24,11326,0.018
24,11336,0.015
24,11342,0.135
24,11356,0.022
24,11469,0.056
24,11489,0.012
24,11504,0.364
24,11509,0.02
24,11516,0.064
24,11518,0.07
24,11538,0.053
24,11546,0.022
24,11557,0.603
24,11559,0.018
24,11591,0.055
24,11596,0.145
24,11600,0.015
24,11605,0.015
24,11631,0.081
24,11639,0.015
24,11657,0.064
24,11658,0.075
24,11687,0.018
24,11689,0.028
24,11702,0.294
24,11725,0.033
24,11737,0.267
24,11755,0.03
24,11763,0.014
24,11773,0.162
24,11777,0.029
24,11784,0.07
24,11838,0.083
24,11846,0.153
24,11857,0.053
24,11899,0.031
24,11921,0.102
24,11924,0.055
24,11932,0.268
24,12024,0.074
24,12042,0.082
24,12089,0.28
24,12091,0.19
24,12105,0.396
24,12146,0.039
24,12159,0.044
24,12166,0.127
24,12172,0.102
24,12174,0.078
24,12177,0.019
24,12190,0.021
24,12202,0.308
24,12203,0.143
24,12209,0.029
24,12210,0.042
24,12235,0.013
24,12257,0.064
24,12267,0.729
24,12302,0.118
24,12318,0.778
24,12333,0.027
24,12336,0.16
24,12338,0.057
24,12373,0.075
24,12415,0.041
24,12427,0.017
24,12429,0.132
24,12430,0.02
24,12467,0.044
24,12473,0.049
24,12474,0.099
24,12480,0.043
24,12513,0.134
24,12534,0.06
24,12540,0.028
24,12548,0.012
24,12554,0.045
24,12561,0.01
24,12564,0.087
24,12577,0.021
24,12584,0.05
24,12589,0.355
24,12601,0.065
24,12614,0.015
24,12615,0.029
24,12634,0.087
24,12654,0.065
24,12679,0.084
24,12696,0.32
24,12722,0.032
24,12733,0.053
24,12736,0.262
24,12747,0.035
24,12748,0.166
24,12779,0.011
24,12781,0.032
24,12809,0.035
24,12820,0.037
24,12838,0.394
24,12839,0.572
24,12846,0.112
24,12862,0.035
24,12887,0.073
24,12991,0.066
24,13003,0.03
24,13019,0.111
24,13023,0.014
24,13030,0.075
24,13031,0.062
24,13046,0.027
24,13059,0.178
24,13083,0.173
24,13096,0.019
24,13137,0.012
24,13165,0.05
24,13169,0.781
24,13199,0.289
24,13212,0.169
24,13222,0.025
24,13254,0.141
24,13258,0.043
24,13259,0.054
24,13260,0.42
24,13299,0.05
24,13309,0.01
24,13325,0.062
24,13347,0.126
24,13357,0.023
24,13394,0.125
24,13409,0.023
24,13456,0.421
24,13459,0.03
24,13462,0.011
24,13465,0.032
24,13474,0.041
24,13488,0.01
24,13494,0.012
24,13513,0.041
24,13524,0.274
24,13527,0.015
24,13543,0.021
24,13555,0.03
24,13582,0.014
24,13611,0.045
24,13631,0.152
24,13648,0.018
24,13649,0.019
24,13696,0.014
24,13707,0.036
24,13728,0.161
24,13735,0.142
24,13747,0.048
24,13798,0.287
24,13834,0.019
24,13858,0.115
24,13877,0.05
24,13896,0.063
24,13904,0.103
24,13914,0.028
24,13944,0.188
24,13983,0.075
24,13986,0.139
24,13990,0.05
24,14018,0.086
24,14041,0.026
24,14044,0.101
24,14079,0.047
24,14113,0.09
24,14127,0.393
24,14130,0.18
24,14183,0.032
24,14191,0.336
24,14197,0.066
24,14207,0.129
24,14243,0.08
24,14260,0.571
24,14273,0.073
24,14284,0.075
24,14303,0.018
24,14340,0.061
24,14352,0.084
24,14364,0.083
24,14384,0.07
24,14390,0.554
24,14403,0.24
24,14421,0.057
24,14431,0.441
24,14435,0.081
24,14462,0.015
24,14464,0.015
24,14471,0.015
24,14487,0.02
24,14492,0.03
24,14507,0.088
24,14541,0.135
24,14580,0.018
24,14588,0.05
24,14602,0.079
24,14613,0.097
24,14649,0.016
24,14660,0.06
24,14661,0.309
24,14672,0.07
24,14681,0.036
24,14715,0.076
24,14723,0.121
24,14726,0.211
24,14732,0.186
24,14766,0.126
24,14771,0.041
24,14779,0.079
24,14783,0.03
24,14786,0.072
24,14827,0.068
24,14842,0.245
24,14917,0.024
24,14949,0.045
24,14961,0.118
24,14975,0.104
24,15030,0.011
24,15055,0.044
24,15071,0.016
24,15085,0.019
24,15087,0.046
24,15094,0.035
24,15108,0.425
24,15114,0.018
24,15118,0.13
24,15122,0.016
24,15129,0.081
24,15143,0.172
24,15144,0.267
24,15161,0.021
24,15180,0.042
24,15185,0.015
24,15192,0.082
24,15199,0.115
24,15203,0.023
24,15217,0.07
24,15222,0.289
24,15227,0.016
24,15231,0.023
24,15238,0.308
24,15253,0.038
24,15254,0.023
24,15258,0.017
24,15265,0.039
24,15274,0.107
24,15282,0.079
24,15296,0.019
24,15308,0.272
24,15320,0.232
24,15331,0.205
24,15333,0.029
24,15338,0.221
24,15347,0.018
24,15349,0.048
24,15353,0.08
24,15420,0.042
24,15452,0.012
24,15472,0.019
24,15515,0.046
24,15521,0.039
24,15528,0.032
24,15529,0.012
24,15532,0.097
24,15537,0.28
24,15541,0.067
24,15551,0.011
24,15563,0.273
24,15588,0.13
24,15596,0.145
24,15604,0.08
24,15612,0.048
24,15631,0.126
24,15646,0.023
24,15695,0.016
24,15748,0.026
24,15752,0.932
24,15759,0.022
24,15760,0.02
24,15779,0.015
24,15794,0.215
24,15801,0.302
24,15811,0.041
24,15830,0.024
24,15856,0.019
24,15875,0.018
24,15881,0.041
24,15883,0.224
24,15887,0.013
24,15900,0.024
24,15913,0.015
24,15914,0.014
24,15935,0.014
24,15944,0.061
24,15948,0.073
24,15961,0.064
24,15964,0.85
24,16008,0.041
24,16023,0.059
24,16036,0.132
24,16044,0.018
24,16053,0.089
24,16077,0.015
24,16085,0.015
24,16094,0.568
24,16095,0.017
24,16108,0.028
24,16113,0.099
24,16116,0.723
24,16125,0.188
24,16128,0.066
24,16139,0.05
24,16145,0.018
24,16182,0.148
24,16202,0.208
24,16231,0.127
24,16247,0.197
24,16261,0.014
24,16306,0.033
24,16309,0.012
24,16328,0.093
24,16354,0.12
24,16362,0.027
24,16370,0.185
24,16375,0.09
25,5,0.027
25,28,0.142
25,43,0.054
25,56,0.1
25,69,0.498
25,76,0.231
25,78,0.012
25,82,0.018
25,87,0.066
25,109,0.031
25,118,0.035
25,146,0.023
25,169,0.027
25,174,0.049
25,193,0.013
25,239,0.015
25,246,0.474
25,265,0.21
25,283,0.047
25,284,0.342
25,288,0.065
25,308,0.019
25,325,0.252
25,332,0.909
25,333,0.178
25,343,0.042
25,344,0.271
25,348,0.118
25,355,0.047
25,369,0.099
25,391,0.045
25,416,0.024
25,422,0.023
25,424,0.147
25,472,0.068
25,491,0.063
25,538,0.124
25,548,0.659
25,571,0.017
25,608,0.12
25,637,0.154
25,656,0.07
25,658,0.05
25,659,0.096
25,673,0.041
25,689,0.015
25,718,0.123
25,729,0.055
25,755,0.035
25,760,0.055
25,786,0.143
25,799,0.011
25,831,0.035
25,880,0.114
25,906,0.029
25,910,0.015
25,927,0.041
25,929,0.012
25,932,0.351
25,949,0.017
25,976,0.022
25,984,0.029
25,1006,0.023
25,1015,0.061
25,1062,0.134
25,1067,0.027
25,1069,0.065
25,1109,0.015
25,1163,0.658
25,1170,0.29
25,1180,0.04
25,1184,0.447
25,1202,0.398
25,1227,0.015
25,1232,0.56
25,1235,0.018
25,1239,0.048
25,1248,0.019
25,1249,0.708
25,1256,0.033
25,1277,0.015
25,1292,0.031
25,1307,0.686
25,1308,0.02
25,1333,0.2
25,1336,0.251
25,1345,0.152
25,1351,0.075
25,1358,0.056
25,1372,0.021
25,1386,0.044
25,1426,0.073
25,1458,0.157
25,1459,0.46
25,1489,0.086
25,1498,0.028
25,1531,0.071
25,1532,0.064
25,1542,0.169
25,1558,0.783
25,1560,0.079
25,1580,0.054
25,1585,0.027
25,1594,0.055
25,1623,0.095
25,1641,0.988
25,1662,0.089
25,1693,0.155
25,1729,0.147
25,1754,0.107
25,1801,0.12
25,1860,0.023
25,1902,0.018
25,1906,0.023
25,1926,0.37
25,1941,0.296
25,1947,0.01
25,1971,0.185
25,2000,0.057
25,2001,0.109
25,2042,0.034
25,2044,0.027
25,2046,0.038
25,2047,0.048
25,2049,0.059
25,2091,0.037
25,2097,0.014
25,2112,0.032
25,2118,0.253
25,2123,0.036
25,2211,0.172
25,2241,0.238
25,2251,0.098
25,2283,0.01
25,2307,0.012
25,2321,0.697
25,2323,0.529
25,2444,0.605
25,2468,0.066
25,2476,0.027
25,2509,0.015
25,2526,0.026
25,2529,0.056
25,2541,0.029
25,2571,0.484
25,2588,0.028
25,2594,0.085
25,2611,0.273
25,2652,0.047
25,2664,0.202
25,2677,0.014
25,2683,0.106
25,2706,0.045
25,2724,0.011
25,2733,0.048
25,2757,0.021
25,2773,0.066
25,2806,0.078
25,2826,0.034
25,2871,0.037
25,2877,0.312
25,2992,0.155
25,3021,0.069
25,3032,0.048
25,3035,0.178
25,3065,0.027
25,3067,0.08
25,3092,0.018
25,3093,0.025
25,3127,0.03
25,3147,0.056
25,3189,0.097
25,3195,0.217
25,3199,0.018
25,3228,0.153
25,3234,0.029
25,3283,0.258
25,3292,0.663
25,3312,0.14
25,3328,0.028
25,3360,0.15
25,3409,0.027
25,3420,0.08
25,3450,0.3
25,3475,0.02
25,3566,0.092
25,3577,0.099
25,3624,0.043
25,3643,0.122
25,3680,0.027
25,3684,0.416
25,3702,0.089
25,3752,0.016
25,3765,0.415
25,3772,0.042
25,3776,0.203
25,3796,0.122
25,3814,0.143
25,3862,0.084
25,3872,0.048
25,3876,0.024
25,3914,0.364
25,3921,0.075
25,3925,0.274
25,3927,0.052
25,3935,0.16
25,3940,0.048
25,3954,0.103
25,3971,0.15
25,3974,0.03
25,3998,0.061
25,4020,0.441
25,4045,0.061
25,4052,0.027
25,4070,0.093
25,4071,0.186
25,4078,0.062
25,4079,0.062
25,4084,0.079
25,4102,0.05
25,4126,0.23
25,4130,0.023
25,4134,0.151
25,4163,0.15
25,4173,0.028
25,4184,0.208
25,4208,0.025
25,4236,0.016
25,4243,0.036
25,4244,0.091
25,4247,0.08
25,4296,0.237
25,4312,0.188
25,4313,0.078
25,4335,0.038
25,4339,0.13
25,4370,0.038
25,4373,0.038
25,4397,0.281
25,4404,0.146
25,4406,0.083
25,4409,0.021
25,4424,0.676
25,4437,0.661
25,4456,0.069
25,4487,0.083
25,4505,0.034
25,4522,0.938
25,4562,0.16
25,4568,0.096
25,4576,0.108
25,4591,0.067
25,4598,0.054
25,4608,0.096
25,4612,0.031
25,4628,0.036
25,4631,0.021
25,4642,0.153
25,4661,0.033
25,4683,0.096
25,4706,0.099
25,4746,0.02
25,4758,0.324
25,4805,0.041
25,4812,0.055
25,4817,0.016
25,4818,0.04
25,4826,0.028
25,4833,0.41
25,4836,0.632
25,4845,0.017
25,4848,0.086
25,4851,0.053
25,4867,0.423
25,4885,0.051
25,4888,0.189
25,4917,0.044
25,4923,0.031
25,4978,0.2
25,4987,0.17
25,5021,0.057
25,5052,0.066
25,5060,0.059
25,5120,0.073
25,5162,0.018
25,5180,0.276
25,5183,0.015
25,5186,0.114
25,5203,0.099
25,5236,0.013
25,5298,0.108
25,5317,0.983
25,5318,0.039
25,5332,0.041
25,5336,0.178
25,5362,0.182
25,5375,0.042
25,5385,0.131
25,5387,0.052
25,5390,0.02
25,5398,0.012
25,5424,0.015
25,5425,0.082
25,5439,0.098
25,5483,0.084
25,5485,0.131
25,5486,0.015
25,5501,0.036
25,5538,0.132
25,5585,0.06
25,5615,0.015
25,5629,0.025
25,5666,0.068
25,5678,0.073
25,5695,0.033
25,5696,0.012
25,5737,0.215
25,5747,0.054
25,5758,0.018
25,5796,0.04
25,5807,0.039
25,5810,0.043
25,5815,0.066
25,5820,0.588
25,5849,0.142
25,5859,0.037
25,5868,0.056
25,5878,0.082
25,5881,0.178
25,5883,0.075
25,5888,0.153
25,5896,0.012
25,5897,0.036
25,5902,0.072
25,5938,0.015
25,5945,0.303
25,5978,0.121
25,5981,0.034
25,5982,0.047
25,5984,0.016
25,5994,0.031
25,6004,0.049
25,6013,0.041
25,6019,0.416
25,6021,0.082
25,6046,0.091
25,6070,0.024
25,6071,0.122
25,6145,0.278
25,6152,0.015
25,6165,0.248
25,6180,0.016
25,6183,0.049
25,6185,0.066
25,6193,0.012
25,6196,0.306
25,6237,0.663
25,6240,0.478
25,6258,0.024
25,6289,0.07
25,6294,0.197
25,6296,0.248
25,6309,0.09
25,6310,0.076
25,6315,0.032
25,6326,0.087
25,6334,0.023
25,6352,0.1
25,6375,0.012
25,6386,0.122
25,6475,0.125
25,6487,0.319
25,6516,0.224
25,6524,0.42
25,6526,0.182
25,6546,0.138
25,6564,0.32
25,6567,0.053
25,6570,0.562
25,6594,0.048
25,6644,0.177
25,6656,0.069
25,6669,0.039
25,6705,0.32
25,6707,0.1
25,6756,0.012
25,6784,0.036
25,6785,0.034
25,6801,0.134
25,6846,0.078
25,6851,0.172
25,6870,0.026
25,6873,0.378
25,6880,0.017
25,6902,0.052
25,6914,0.126
25,6928,0.048
25,6930,0.024
25,6931,0.281
25,6942,0.037
25,6943,0.133
25,7022,0.085
25,7055,0.055
25,7098,0.126
25,7100,0.049
25,7105,0.2
25,7107,0.031
25,7127,0.024
25,7128,0.386
25,7130,0.466
25,7191,0.135
25,7209,0.019
25,7312,0.125
25,7319,0.046
25,7361,0.144
25,7389,0.091
25,7392,0.082
25,7399,0.023
25,7417,0.058
25,7430,0.205
25,7451,0.01
25,7479,0.103
25,7483,0.092
25,7486,0.024
25,7490,0.045
25,7509,0.325
25,7519,0.019
25,7567,0.016
25,7570,0.015
25,7581,0.322
25,7602,0.028
25,7603,0.247
25,7620,0.307
25,7621,0.55
25,7624,0.067
25,7640,0.079
25,7668,0.021
25,7689,0.015
25,7721,0.016
25,7744,0.096
25,7745,0.015
25,7767,0.054
25,7801,0.136
25,7810,0.098
25,7832,0.01
25,7855,0.012
25,7869,0.067
25,7878,0.026
25,7964,0.023
25,7975,0.325
25,7976,0.07
25,7980,0.033
25,8034,0.03
25,8047,0.203
25,8083,1.0
25,8087,0.01
25,8097,0.03
25,8098,0.12
25,8099,0.263
25,8100,0.021
25,8107,0.024
25,8111,0.113
25,8112,0.03
25,8114,0.027
25,8134,0.049
25,8143,0.054
25,8149,0.031
25,8150,0.225
25,8187,0.044
25,8226,0.075
25,8230,0.327
25,8251,0.104
25,8261,0.093
25,8265,0.044
25,8286,0.04
25,8291,0.027
25,8294,0.057
25,8307,0.035
25,8318,0.027
25,8334,0.093
25,8336,0.634
25,8361,0.285
25,8373,0.045
25,8424,0.254
25,8456,0.258
25,8466,0.214
25,8494,0.094
25,8507,0.029
25,8510,0.041
25,8522,0.031
25,8540,0.14
25,8597,0.015
25,8613,0.014
25,8628,0.201
25,8633,0.255
25,8646,0.354
25,8653,0.06
25,8670,0.109
25,8680,0.035
25,8691,0.054
25,8707,0.014
25,8716,0.117
25,8759,0.234
25,8785,0.028
25,8790,0.01
25,8794,0.059
25,8797,0.053
25,8855,0.018
25,8865,0.026
25,8873,0.15
25,8909,0.07
25,8935,0.123
25,8959,0.06
25,8997,0.031
25,8999,0.026
25,9005,0.025
25,9019,0.012
25,9026,0.161
25,9051,0.059
25,9055,0.084
25,9069,0.034
25,9100,0.115
25,9104,0.062
25,9107,0.038
25,9136,0.684
25,9140,0.134
25,9154,0.086
25,9190,0.018
25,9201,0.054
25,9255,0.066
25,9261,0.039
25,9271,0.045
25,9304,0.067
25,9318,0.401
25,9321,0.102
25,9322,0.175
25,9324,0.126
25,9332,0.03
25,9350,0.146
25,9351,0.02
25,9368,0.046
25,9373,0.03
25,9396,0.185
25,9403,0.015
25,9429,0.017
25,9433,0.03
25,9451,0.087
25,9484,0.015
25,9486,0.151
25,9512,0.362
25,9514,0.557
25,9539,0.083
25,9543,0.052
25,9558,0.061
25,9563,0.019
25,9581,0.159
25,9582,0.459
25,9615,0.802
25,9634,0.042
25,9663,0.42
25,9695,0.438
25,9697,0.218
25,9703,0.445
25,9749,0.053
25,9760,0.079
25,9763,0.4
25,9786,0.278
25,9787,0.015
25,9828,0.158
25,9931,0.356
25,9937,0.077
25,9938,0.051
25,9946,0.068
25,9968,0.048
25,9970,0.199
25,10068,0.024
25,10082,0.049
25,10110,0.021
25,10149,0.068
25,10159,0.01
25,10183,0.013
25,10184,0.115
25,10185,0.264
25,10260,0.054
25,10263,0.02
25,10281,0.243
25,10326,0.034
25,10341,0.156
25,10343,0.061
25,10345,0.174
25,10379,0.137
25,10395,0.049
25,10396,0.025
25,10406,0.035
25,10423,0.11
25,10446,0.124
25,10451,0.15
25,10461,0.125
25,10476,0.179
25,10480,0.017
25,10483,0.045
25,10500,0.306
25,10506,0.164
25,10558,0.029
25,10595,0.098
25,10601,0.171
25,10626,0.094
25,10629,0.022
25,10635,0.028
25,10661,0.018
25,10666,0.106
25,10668,0.086
25,10702,0.051
25,10712,0.064
25,10802,0.027
25,10818,0.916
25,10833,0.182
25,10850,0.062
25,10870,0.027
25,10872,0.966
25,10875,0.307
25,10895,0.012
25,10904,0.204
25,10912,0.133
25,10913,0.053
25,10926,0.042
25,10941,0.085
25,10957,0.059
25,10958,0.056
25,10988,0.06
25,11000,0.32
25,11032,0.017
25,11039,0.116
25,11050,0.202
25,11054,0.049
25,11139,0.854
25,11169,0.527
25,11240,0.054
25,11244,0.05
25,11247,0.034
25,11256,0.137
25,11284,0.357
25,11312,0.036
25,11326,0.094
25,11334,0.051
25,11343,0.032
25,11357,0.186
25,11362,0.087
25,11365,0.066
25,11434,0.059
25,11476,0.051
25,11481,0.103
25,11492,0.037
25,11502,0.121
25,11552,0.057
25,11570,0.029
25,11576,0.411
25,11614,0.051
25,11615,0.077
25,11626,0.115
25,11643,0.112
25,11654,0.122
25,11658,0.059
25,11688,0.175
25,11698,0.044
25,11713,0.157
25,11730,0.018
25,11764,0.025
25,11768,0.337
25,11772,0.014
25,11792,0.084
25,11834,0.034
25,11865,0.033
25,11868,0.034
25,11893,0.07
25,11895,0.292
25,11906,0.01
25,11951,0.018
25,11955,0.038
25,11966,0.213
25,11983,0.06
25,12067,0.015
25,12093,0.201
25,12152,0.123
25,12158,0.213
25,12166,0.028
25,12213,0.125
25,12248,0.037
25,12256,0.134
25,12274,0.242
25,12279,0.047
25,12283,0.015
25,12291,0.131
25,12330,0.028
25,12335,0.213
25,12367,0.067
25,12407,0.183
25,12409,0.074
25,12423,0.221
25,12435,0.2
25,12475,0.059
25,12478,0.018
25,12499,0.018
25,12512,0.049
25,12530,0.063
25,12559,0.223
25,12590,0.022
25,12592,0.092
25,12599,0.065
25,12651,0.694
25,12657,0.659
25,12749,0.252
25,12760,0.228
25,12792,0.046
25,12807,0.222
25,12811,0.019
25,12813,0.027
25,12814,0.2
25,12818,0.085
25,12887,0.092
25,12890,0.028
25,12894,0.046
25,12900,0.011
25,12906,0.074
25,12932,0.031
25,12975,0.08
25,12984,0.181
25,12992,0.049
25,13006,0.037
25,13016,0.164
25,13056,0.051
25,13061,0.021
25,13089,0.064
25,13120,0.82
25,13129,0.101
25,13139,0.064
25,13142,0.11
25,13149,0.017
25,13157,0.012
25,13167,0.029
25,13182,0.179
25,13186,0.286
25,13205,0.032
25,13213,0.013
25,13232,0.098
25,13243,0.11
25,13264,0.012
25,13289,0.027
25,13297,0.054
25,13307,0.125
25,13310,0.07
25,13315,0.041
25,13347,0.323
25,13363,0.022
25,13379,0.046
25,13381,0.02
25,13408,0.057
25,13421,0.106
25,13422,0.054
25,13426,0.02
25,13456,0.263
25,13463,0.04
25,13513,0.183
25,13545,0.049
25,13562,0.058
25,13566,0.012
25,13612,0.011
25,13619,0.133
25,13634,0.036
25,13677,0.096
25,13703,0.086
25,13704,0.015
25,13718,0.019
25,13725,0.291
25,13739,0.018
25,13747,0.02
25,13754,0.024
25,13765,0.012
25,13775,0.265
25,13777,0.23
25,13802,0.097
25,13826,0.051
25,13831,0.064
25,13880,0.106
25,13883,0.034
25,13907,0.1
25,13931,0.232
25,13941,0.164
25,13943,0.162
25,13965,0.02
25,13992,0.091
25,13993,0.043
25,13994,0.082
25,13997,0.01
25,14008,0.026
25,14022,0.083
25,14038,0.804
25,14052,0.081
25,14079,0.179
25,14084,0.038
25,14102,0.896
25,14109,0.175
25,14118,0.065
25,14152,0.097
25,14164,0.036
25,14168,0.109
25,14172,0.106
25,14208,0.11
25,14220,0.018
25,14289,0.683
25,14298,0.044
25,14303,0.078
25,14309,0.185
25,14313,0.015
25,14326,0.032
25,14334,0.317
25,14357,0.012
25,14369,0.166
25,14371,0.415
25,14378,0.554
25,14396,0.144
25,14402,0.307
25,14403,0.039
25,14413,0.271
25,14424,0.012
25,14439,0.108
25,14450,0.074
25,14452,0.273
25,14456,0.062
25,14458,0.03
25,14474,0.072
25,14486,0.016
25,14487,0.021
25,14491,0.348
25,14501,0.133
25,14506,0.021
25,14510,0.244
25,14529,0.996
25,14545,0.086
25,14558,0.177
25,14576,0.021
25,14609,0.041
25,14618,0.061
25,14621,0.378
25,14644,0.052
25,14650,0.139
25,14666,0.067
25,14678,0.031
25,14751,0.181
25,14757,0.218
25,14771,0.227
25,14773,0.26
25,14780,0.024
25,14832,0.043
25,14850,0.024
25,14857,0.078
25,14862,0.02
25,14870,0.562
25,14893,0.01
25,14923,0.012
25,14951,0.483
25,14970,0.057
25,14999,0.082
25,15018,0.02
25,15020,0.455
25,15026,0.021
25,15038,0.292
25,15059,0.023
25,15066,0.022
25,15076,0.156
25,15090,0.209
25,15118,0.114
25,15119,0.028
25,15156,0.014
25,15159,0.214
25,15205,0.104
25,15207,0.088
25,15246,0.095
25,15278,0.1
25,15295,0.02
25,15301,0.072
25,15336,0.015
25,15343,0.018
25,15347,0.023
25,15348,0.083
25,15365,0.038
25,15388,0.021
25,15393,0.053
25,15408,0.065
25,15412,0.054
25,15491,0.028
25,15494,0.036
25,15501,0.021
25,15512,0.015
25,15525,0.016
25,15545,0.024
25,15566,0.074
25,15570,0.012
25,15597,0.012
25,15619,0.608
25,15622,0.022
25,15623,0.033
25,15646,0.153
25,15653,0.025
25,15673,0.082
25,15682,0.047
25,15685,0.111
25,15714,0.054
25,15718,0.048
25,15745,0.052
25,15761,0.091
25,15773,0.133
25,15792,0.427
25,15796,0.154
25,15809,0.012
25,15857,0.085
25,15880,0.192
25,15885,0.01
25,15900,0.124
25,15907,0.467
25,15908,0.226
25,15914,0.14
25,15915,0.333
25,15933,0.012
25,15941,0.161
25,15958,0.052
25,15973,0.284
25,15976,0.033
25,16010,0.079
25,16022,0.422
25,16046,0.013
25,16090,0.065
25,16107,0.269
25,16150,0.034
25,16165,0.02
25,16191,0.134
25,16216,0.066
25,16232,0.221
25,16234,0.021
25,16250,0.142
25,16262,0.273
25,16299,0.133
25,16319,0.015
25,16327,0.102
25,16346,0.055
25,16355,0.038
25,16362,0.11
25,16374,0.067
